Time,Source,Destination,Protocol,Length,info
852.4703198722378,192.168.1.2,10.0.0.1,UDP,1285,normal
978.8531095161817,192.168.1.2,10.0.0.1,TCP,875,normal
17.73332780285419,192.168.1.2,10.0.0.2,TCP,1476,normal
751.2366173185842,192.168.1.2,10.0.0.1,UDP,1309,normal
271.55387872862804,192.168.1.2,10.0.0.1,ICMP,592,normal
753.8984999125224,192.168.1.2,10.0.0.2,ICMP,131,normal
198.35771194567198,192.168.1.1,10.0.0.2,TCP,402,normal
459.80514056680266,192.168.1.2,10.0.0.1,ICMP,791,normal
915.6065526632483,192.168.1.1,10.0.0.2,ICMP,1333,normal
345.0120011292445,192.168.1.2,10.0.0.2,ICMP,1203,normal
886.0516438535205,192.168.1.2,10.0.0.1,TCP,684,normal
701.9310753936381,192.168.1.2,10.0.0.1,TCP,1256,normal
212.23611349902305,192.168.1.1,10.0.0.2,ICMP,392,normal
708.3764081643462,192.168.1.2,10.0.0.2,ICMP,914,normal
981.9451262089096,192.168.1.2,10.0.0.1,UDP,1235,normal
119.09488421111014,192.168.1.2,10.0.0.1,ICMP,217,normal
67.06351774317854,192.168.1.1,10.0.0.2,ICMP,1397,normal
919.9260517643991,192.168.1.2,10.0.0.2,ICMP,684,normal
614.1471649706145,192.168.1.1,10.0.0.1,TCP,1092,normal
382.8029898264195,192.168.1.2,10.0.0.1,UDP,1320,normal
933.3535009645727,192.168.1.1,10.0.0.2,TCP,1411,normal
908.5625737502809,192.168.1.1,10.0.0.2,ICMP,400,normal
757.8870447982362,192.168.1.1,10.0.0.2,TCP,771,normal
826.8672553174403,192.168.1.1,10.0.0.2,ICMP,463,normal
450.8351922631262,192.168.1.1,10.0.0.2,UDP,612,normal
437.8173442567711,192.168.1.1,10.0.0.2,ICMP,865,normal
306.9864623924492,192.168.1.2,10.0.0.1,UDP,794,normal
522.6168533370003,192.168.1.2,10.0.0.2,UDP,300,normal
401.1826336491028,192.168.1.2,10.0.0.2,ICMP,281,normal
850.4456380401879,192.168.1.2,10.0.0.1,TCP,1128,normal
146.0343365949287,192.168.1.2,10.0.0.1,TCP,219,normal
664.2602332860397,192.168.1.1,10.0.0.1,TCP,651,normal
764.3899328376027,192.168.1.2,10.0.0.1,ICMP,982,normal
454.7071281699515,192.168.1.1,10.0.0.2,TCP,1278,normal
174.0212338180709,192.168.1.1,10.0.0.2,UDP,1052,normal
532.323704846221,192.168.1.2,10.0.0.1,TCP,819,normal
596.4629636864181,192.168.1.2,10.0.0.2,ICMP,1232,normal
636.4325256999097,192.168.1.2,10.0.0.1,UDP,1238,normal
47.905100292664926,192.168.1.2,10.0.0.1,ICMP,1170,normal
827.521085773901,192.168.1.2,10.0.0.2,TCP,314,normal
974.3017867744292,192.168.1.2,10.0.0.2,UDP,662,normal
529.136416135985,192.168.1.2,10.0.0.1,TCP,968,normal
262.14306999912804,192.168.1.1,10.0.0.1,UDP,717,normal
462.17750010096614,192.168.1.2,10.0.0.2,ICMP,490,normal
267.1012413386925,192.168.1.2,10.0.0.1,TCP,247,normal
852.4701411659292,192.168.1.2,10.0.0.2,UDP,1451,normal
218.80237776481982,192.168.1.1,10.0.0.1,TCP,666,normal
581.57260111086,192.168.1.1,10.0.0.1,UDP,1034,normal
352.4323739220931,192.168.1.1,10.0.0.2,TCP,973,normal
75.31558356869472,192.168.1.2,10.0.0.2,TCP,1445,normal
51.1954522121304,192.168.1.2,10.0.0.1,TCP,942,normal
66.3435989857768,192.168.1.1,10.0.0.1,TCP,1240,normal
595.6749967558542,192.168.1.2,10.0.0.1,TCP,1073,normal
252.77541932484183,192.168.1.1,10.0.0.1,UDP,241,normal
721.1183896303414,192.168.1.2,10.0.0.2,TCP,1061,normal
263.23899644941264,192.168.1.1,10.0.0.1,TCP,601,normal
354.4963054675996,192.168.1.1,10.0.0.1,TCP,318,normal
893.9298608343744,192.168.1.2,10.0.0.1,UDP,1137,normal
600.3171409645842,192.168.1.1,10.0.0.2,UDP,119,normal
877.2108609830899,192.168.1.1,10.0.0.2,TCP,128,normal
736.5777944642773,192.168.1.2,10.0.0.2,TCP,564,normal
99.95216156620923,192.168.1.2,10.0.0.1,ICMP,682,normal
860.2837320240568,192.168.1.1,10.0.0.1,ICMP,682,normal
47.487884577567144,192.168.1.1,10.0.0.1,UDP,368,normal
467.34997308326945,192.168.1.2,10.0.0.2,TCP,757,normal
479.4117463211839,192.168.1.1,10.0.0.1,TCP,1481,normal
668.1920033133307,192.168.1.2,10.0.0.2,TCP,1246,normal
382.97216114814603,192.168.1.1,10.0.0.1,TCP,237,normal
740.4928454180283,192.168.1.1,10.0.0.1,UDP,122,normal
979.4309725460637,192.168.1.1,10.0.0.2,ICMP,287,normal
207.0258700367984,192.168.1.1,10.0.0.2,ICMP,731,normal
506.5677796467405,192.168.1.1,10.0.0.1,ICMP,969,normal
883.0381871840832,192.168.1.2,10.0.0.1,TCP,1317,normal
369.7032986825831,192.168.1.1,10.0.0.1,ICMP,101,normal
802.4300950775861,192.168.1.1,10.0.0.2,TCP,1057,normal
326.88313497537,192.168.1.2,10.0.0.1,ICMP,380,normal
498.7586757975262,192.168.1.1,10.0.0.2,ICMP,1002,normal
416.1710024498271,192.168.1.2,10.0.0.2,TCP,45,normal
211.56643068052682,192.168.1.1,10.0.0.1,UDP,648,normal
793.3246390013439,192.168.1.2,10.0.0.1,UDP,458,normal
721.0872249830148,192.168.1.1,10.0.0.2,ICMP,1032,normal
607.0101869144122,192.168.1.2,10.0.0.2,ICMP,1071,normal
539.7125325947244,192.168.1.2,10.0.0.2,TCP,636,normal
990.5227365248936,192.168.1.2,10.0.0.1,UDP,150,normal
201.6656100467993,192.168.1.2,10.0.0.1,UDP,347,normal
835.9851741374526,192.168.1.1,10.0.0.2,ICMP,482,normal
832.2306983328153,192.168.1.2,10.0.0.1,ICMP,155,normal
620.8728983079833,192.168.1.1,10.0.0.1,UDP,1007,normal
691.8171788729451,192.168.1.2,10.0.0.2,UDP,783,normal
955.6185264499546,192.168.1.1,10.0.0.1,ICMP,935,normal
481.15948802048393,192.168.1.2,10.0.0.2,ICMP,1447,normal
798.2867548443869,192.168.1.1,10.0.0.2,UDP,349,normal
914.8145174798294,192.168.1.2,10.0.0.1,ICMP,306,normal
599.4495958788153,192.168.1.1,10.0.0.2,UDP,514,normal
542.541864214762,192.168.1.1,10.0.0.1,UDP,1108,normal
923.6816275583121,192.168.1.2,10.0.0.2,ICMP,1450,normal
991.6898673855453,192.168.1.1,10.0.0.1,TCP,1431,normal
57.473072379425226,192.168.1.2,10.0.0.2,TCP,1391,normal
105.60077161783666,192.168.1.2,10.0.0.1,UDP,823,normal
302.8333775656995,192.168.1.2,10.0.0.1,ICMP,813,normal
663.5900389051383,192.168.1.1,10.0.0.2,UDP,963,normal
552.7881651307839,192.168.1.2,10.0.0.1,UDP,692,normal
880.6631430720283,192.168.1.1,10.0.0.2,TCP,676,normal
228.12142029581116,192.168.1.1,10.0.0.1,UDP,1126,normal
479.72262533988874,192.168.1.2,10.0.0.2,TCP,120,normal
365.1225596866399,192.168.1.2,10.0.0.2,TCP,1423,normal
103.40461631642938,192.168.1.2,10.0.0.2,TCP,735,normal
200.51149257988632,192.168.1.1,10.0.0.2,UDP,318,normal
745.970509870437,192.168.1.2,10.0.0.2,TCP,868,normal
605.8074962870586,192.168.1.2,10.0.0.2,UDP,633,normal
752.8984824293749,192.168.1.2,10.0.0.1,TCP,319,normal
580.1260212397508,192.168.1.2,10.0.0.2,TCP,417,normal
202.69704556788926,192.168.1.2,10.0.0.1,ICMP,1305,normal
475.0958243229527,192.168.1.1,10.0.0.1,UDP,54,normal
51.828093476769425,192.168.1.2,10.0.0.2,TCP,402,normal
49.91877481126561,192.168.1.1,10.0.0.2,UDP,344,normal
509.3024783978671,192.168.1.2,10.0.0.2,ICMP,493,normal
900.6332602155416,192.168.1.2,10.0.0.2,UDP,299,normal
174.70410883457322,192.168.1.1,10.0.0.2,TCP,864,normal
283.5380315195075,192.168.1.1,10.0.0.1,TCP,341,normal
584.6345313650156,192.168.1.1,10.0.0.2,ICMP,52,normal
713.7203655121822,192.168.1.1,10.0.0.2,UDP,1384,normal
742.3096078112945,192.168.1.2,10.0.0.1,ICMP,79,normal
254.65579525419702,192.168.1.2,10.0.0.2,UDP,1326,normal
423.131006774778,192.168.1.2,10.0.0.2,TCP,250,normal
22.565259719368402,192.168.1.2,10.0.0.2,ICMP,818,normal
437.8328700806897,192.168.1.2,10.0.0.1,ICMP,820,normal
165.1705840060478,192.168.1.1,10.0.0.2,TCP,1481,normal
533.6617912899869,192.168.1.2,10.0.0.1,ICMP,218,normal
346.5390794373382,192.168.1.2,10.0.0.1,ICMP,1219,normal
501.12896868392255,192.168.1.1,10.0.0.1,TCP,1305,normal
979.5910140701443,192.168.1.2,10.0.0.2,TCP,746,normal
683.9427498002358,192.168.1.1,10.0.0.2,ICMP,392,normal
728.1327307110156,192.168.1.2,10.0.0.1,ICMP,849,normal
177.24414624960994,192.168.1.1,10.0.0.2,TCP,785,normal
728.6490231893304,192.168.1.2,10.0.0.1,UDP,1020,normal
916.4423444537065,192.168.1.2,10.0.0.1,ICMP,432,normal
907.3595893654535,192.168.1.2,10.0.0.2,ICMP,1357,normal
292.3937479363049,192.168.1.2,10.0.0.2,ICMP,821,normal
618.9492774580729,192.168.1.2,10.0.0.2,UDP,1179,normal
975.1893519717802,192.168.1.2,10.0.0.1,UDP,615,normal
39.457215581713335,192.168.1.2,10.0.0.1,UDP,1148,normal
15.750641356851558,192.168.1.1,10.0.0.1,TCP,181,normal
448.8940459249071,192.168.1.1,10.0.0.1,ICMP,102,normal
303.987133634731,192.168.1.2,10.0.0.2,ICMP,1113,normal
373.6668633875999,192.168.1.1,10.0.0.2,ICMP,342,normal
809.9498705387234,192.168.1.2,10.0.0.1,ICMP,231,normal
367.4622615211436,192.168.1.2,10.0.0.2,UDP,56,normal
516.0181124564803,192.168.1.1,10.0.0.2,ICMP,82,normal
108.4122785560001,192.168.1.2,10.0.0.2,ICMP,161,normal
190.97906717276925,192.168.1.2,10.0.0.1,ICMP,65,normal
847.0783261531071,192.168.1.2,10.0.0.2,ICMP,524,normal
665.1271474545401,192.168.1.1,10.0.0.1,TCP,1423,normal
360.46143210322947,192.168.1.2,10.0.0.1,TCP,246,normal
884.983556182453,192.168.1.2,10.0.0.1,ICMP,146,normal
727.4556279842966,192.168.1.2,10.0.0.2,UDP,1320,normal
366.6938970366923,192.168.1.2,10.0.0.2,ICMP,1004,normal
619.9991838448954,192.168.1.1,10.0.0.1,ICMP,417,normal
739.8428974900656,192.168.1.2,10.0.0.2,ICMP,1170,normal
696.4742629679273,192.168.1.2,10.0.0.2,UDP,141,normal
406.1794874678398,192.168.1.1,10.0.0.2,ICMP,901,normal
738.7415177456656,192.168.1.1,10.0.0.1,TCP,1379,normal
752.7596419428991,192.168.1.1,10.0.0.2,TCP,1323,normal
245.89947516435106,192.168.1.1,10.0.0.2,UDP,1495,normal
571.0824360464817,192.168.1.2,10.0.0.2,UDP,677,normal
245.54245009340602,192.168.1.1,10.0.0.2,TCP,1328,normal
644.857928732695,192.168.1.2,10.0.0.2,UDP,791,normal
728.3910301858108,192.168.1.1,10.0.0.1,TCP,1304,normal
638.2058896499418,192.168.1.1,10.0.0.1,TCP,957,normal
890.15296219837,192.168.1.1,10.0.0.2,ICMP,910,normal
547.5122005367436,192.168.1.1,10.0.0.2,TCP,1241,normal
23.151845351793376,192.168.1.2,10.0.0.1,UDP,1146,normal
176.90481096902965,192.168.1.2,10.0.0.1,UDP,1475,normal
363.32509751787256,192.168.1.2,10.0.0.2,TCP,398,normal
149.83747338003894,192.168.1.2,10.0.0.2,ICMP,1191,normal
211.74608222528434,192.168.1.1,10.0.0.1,UDP,981,normal
694.3073634739952,192.168.1.1,10.0.0.2,ICMP,1371,normal
515.9992258597055,192.168.1.1,10.0.0.1,ICMP,332,normal
216.26505009741214,192.168.1.1,10.0.0.2,TCP,758,normal
642.8679443042461,192.168.1.1,10.0.0.2,UDP,417,normal
889.8560950767932,192.168.1.1,10.0.0.2,ICMP,1207,normal
772.0718741529239,192.168.1.1,10.0.0.1,UDP,587,normal
798.9287166443683,192.168.1.2,10.0.0.1,ICMP,532,normal
466.57466616788076,192.168.1.2,10.0.0.1,ICMP,198,normal
178.08633458106027,192.168.1.2,10.0.0.2,ICMP,274,normal
811.8697529082265,192.168.1.2,10.0.0.1,ICMP,1070,normal
803.877671600644,192.168.1.1,10.0.0.1,TCP,427,normal
55.547271766992814,192.168.1.2,10.0.0.1,UDP,86,normal
541.7989256935003,192.168.1.2,10.0.0.2,ICMP,99,normal
863.1770802011924,192.168.1.1,10.0.0.1,ICMP,1219,normal
388.2233479430539,192.168.1.1,10.0.0.1,TCP,94,normal
357.99379149669795,192.168.1.2,10.0.0.1,UDP,1291,normal
143.53753988844676,192.168.1.1,10.0.0.2,TCP,55,normal
129.8617929464655,192.168.1.1,10.0.0.1,UDP,526,normal
801.7410466235477,192.168.1.1,10.0.0.2,UDP,1431,normal
455.2487890689211,192.168.1.2,10.0.0.2,UDP,622,normal
918.8211946642291,192.168.1.1,10.0.0.1,TCP,693,normal
985.8237705408203,192.168.1.1,10.0.0.1,UDP,681,normal
798.7404502536682,192.168.1.2,10.0.0.2,TCP,998,normal
746.9446688751835,192.168.1.2,10.0.0.2,ICMP,219,normal
517.0523075382164,192.168.1.1,10.0.0.1,ICMP,537,normal
930.6722256252887,192.168.1.2,10.0.0.2,UDP,724,normal
982.6105262808047,192.168.1.1,10.0.0.1,ICMP,1361,normal
372.9507361752142,192.168.1.2,10.0.0.1,TCP,183,normal
908.5154568649089,192.168.1.1,10.0.0.1,ICMP,1430,normal
166.31275636905772,192.168.1.1,10.0.0.2,ICMP,1379,normal
546.0754423198972,192.168.1.2,10.0.0.2,TCP,1161,normal
776.3178187585479,192.168.1.2,10.0.0.2,UDP,1414,normal
713.0619165313043,192.168.1.2,10.0.0.1,ICMP,1332,normal
392.7437003512434,192.168.1.1,10.0.0.1,ICMP,238,normal
991.5776197319948,192.168.1.1,10.0.0.1,UDP,1083,normal
769.0862313685437,192.168.1.1,10.0.0.1,TCP,1205,normal
875.8134954351192,192.168.1.1,10.0.0.1,ICMP,1130,normal
240.12835111830998,192.168.1.2,10.0.0.2,ICMP,105,normal
445.4095507504843,192.168.1.2,10.0.0.1,ICMP,1231,normal
248.7203213024669,192.168.1.1,10.0.0.1,ICMP,165,normal
713.9561214872683,192.168.1.1,10.0.0.2,ICMP,1268,normal
981.0258198593498,192.168.1.2,10.0.0.1,UDP,557,normal
911.0784831895746,192.168.1.1,10.0.0.2,ICMP,338,normal
385.29482329682486,192.168.1.2,10.0.0.2,TCP,568,normal
699.1184891699397,192.168.1.2,10.0.0.1,UDP,84,normal
873.8136993935335,192.168.1.1,10.0.0.2,ICMP,666,normal
728.3716938121318,192.168.1.2,10.0.0.1,ICMP,790,normal
980.010113134503,192.168.1.1,10.0.0.2,ICMP,440,normal
489.9366534677604,192.168.1.1,10.0.0.2,TCP,729,normal
16.232097605109242,192.168.1.1,10.0.0.2,TCP,1382,normal
72.75777447781495,192.168.1.2,10.0.0.1,ICMP,1170,normal
671.6868715686558,192.168.1.1,10.0.0.1,UDP,1033,normal
26.427801294435895,192.168.1.1,10.0.0.1,TCP,413,normal
190.04569738737774,192.168.1.2,10.0.0.2,TCP,1198,normal
165.68943715727445,192.168.1.1,10.0.0.2,ICMP,1365,normal
282.9778378435693,192.168.1.2,10.0.0.2,TCP,270,normal
209.28569495693262,192.168.1.1,10.0.0.2,TCP,692,normal
318.62330676481344,192.168.1.1,10.0.0.1,TCP,632,normal
190.42652997127507,192.168.1.1,10.0.0.1,TCP,1013,normal
414.16164957073534,192.168.1.2,10.0.0.1,UDP,1204,normal
536.1186106422814,192.168.1.1,10.0.0.1,ICMP,127,normal
121.34139929648191,192.168.1.1,10.0.0.1,TCP,171,normal
807.1797148051354,192.168.1.1,10.0.0.1,TCP,1153,normal
814.6154397992818,192.168.1.1,10.0.0.2,ICMP,1153,normal
376.4424136832253,192.168.1.1,10.0.0.1,TCP,1148,normal
61.554541050083515,192.168.1.2,10.0.0.1,TCP,1085,normal
12.13802283394183,192.168.1.2,10.0.0.1,ICMP,862,normal
52.81580216027226,192.168.1.2,10.0.0.1,ICMP,792,normal
670.0425570359914,192.168.1.1,10.0.0.2,ICMP,98,normal
126.54781420888483,192.168.1.2,10.0.0.1,TCP,822,normal
477.54757640348254,192.168.1.1,10.0.0.2,UDP,523,normal
238.97935097941692,192.168.1.1,10.0.0.1,ICMP,1141,normal
291.2432463023092,192.168.1.2,10.0.0.1,ICMP,167,normal
751.2091986900857,192.168.1.1,10.0.0.2,UDP,344,normal
180.27661641983462,192.168.1.1,10.0.0.2,ICMP,1065,normal
81.38242547707442,192.168.1.2,10.0.0.1,UDP,438,normal
720.7655079418006,192.168.1.1,10.0.0.1,ICMP,1439,normal
6.906935099012412,192.168.1.1,10.0.0.1,ICMP,1398,normal
244.6001861299505,192.168.1.1,10.0.0.1,UDP,136,normal
480.1986789883123,192.168.1.2,10.0.0.2,TCP,1055,normal
992.2177089154144,192.168.1.2,10.0.0.1,TCP,1319,normal
393.95126125224135,192.168.1.1,10.0.0.1,TCP,924,normal
238.10526684002897,192.168.1.2,10.0.0.1,TCP,805,normal
526.5927278853555,192.168.1.1,10.0.0.2,UDP,1464,normal
55.68532626322875,192.168.1.1,10.0.0.1,ICMP,743,normal
176.00675964182966,192.168.1.2,10.0.0.1,ICMP,510,normal
687.2953756801903,192.168.1.2,10.0.0.2,UDP,1275,normal
857.2357857736408,192.168.1.2,10.0.0.2,ICMP,897,normal
708.2657580062428,192.168.1.1,10.0.0.2,TCP,1469,normal
374.3860967044919,192.168.1.2,10.0.0.1,TCP,290,normal
61.666449177331216,192.168.1.1,10.0.0.1,ICMP,516,normal
811.6286811391583,192.168.1.1,10.0.0.1,ICMP,1405,normal
232.40401599424686,192.168.1.1,10.0.0.1,ICMP,996,normal
155.61407876484756,192.168.1.1,10.0.0.2,UDP,549,normal
568.5071378041936,192.168.1.2,10.0.0.1,UDP,329,normal
924.4475864210892,192.168.1.1,10.0.0.1,ICMP,267,normal
500.33258661121414,192.168.1.1,10.0.0.2,TCP,90,normal
323.4056273514386,192.168.1.1,10.0.0.2,UDP,142,normal
919.7440047631271,192.168.1.2,10.0.0.2,UDP,119,normal
68.02602334355234,192.168.1.2,10.0.0.1,TCP,1083,normal
809.8648818986677,192.168.1.2,10.0.0.1,ICMP,702,normal
81.77724397323361,192.168.1.1,10.0.0.1,TCP,1339,normal
712.369099418973,192.168.1.2,10.0.0.2,ICMP,1410,normal
866.887781696689,192.168.1.2,10.0.0.1,TCP,760,normal
553.7699341171488,192.168.1.1,10.0.0.1,UDP,103,normal
739.895153248751,192.168.1.2,10.0.0.1,ICMP,1071,normal
764.5123684393701,192.168.1.2,10.0.0.2,TCP,463,normal
713.3807865756809,192.168.1.2,10.0.0.2,ICMP,1129,normal
532.0093189932645,192.168.1.2,10.0.0.2,ICMP,664,normal
72.83583891642431,192.168.1.2,10.0.0.2,ICMP,1401,normal
603.9611869678001,192.168.1.1,10.0.0.2,UDP,793,normal
142.6130574356409,192.168.1.1,10.0.0.2,UDP,573,normal
638.3483054274649,192.168.1.1,10.0.0.2,ICMP,322,normal
400.9518582570065,192.168.1.1,10.0.0.1,ICMP,253,normal
827.3291206844264,192.168.1.1,10.0.0.2,UDP,309,normal
14.991630921985077,192.168.1.1,10.0.0.2,ICMP,75,normal
500.6333360450148,192.168.1.2,10.0.0.1,ICMP,272,normal
33.432125102552114,192.168.1.2,10.0.0.2,ICMP,597,normal
201.5921134041484,192.168.1.2,10.0.0.2,ICMP,930,normal
908.2801598975176,192.168.1.2,10.0.0.1,TCP,640,normal
575.8123523813111,192.168.1.2,10.0.0.2,ICMP,694,normal
259.99277347826956,192.168.1.2,10.0.0.2,ICMP,1061,normal
153.11837283902852,192.168.1.2,10.0.0.2,UDP,627,normal
831.8836902158021,192.168.1.1,10.0.0.2,ICMP,1134,normal
523.7111303895288,192.168.1.2,10.0.0.1,TCP,179,normal
795.402641829534,192.168.1.2,10.0.0.2,ICMP,312,normal
287.81080350564235,192.168.1.1,10.0.0.1,UDP,124,normal
320.1875110156044,192.168.1.2,10.0.0.2,UDP,406,normal
321.05846498863133,192.168.1.2,10.0.0.1,TCP,813,normal
360.34882926991764,192.168.1.2,10.0.0.2,TCP,112,normal
634.1575499800673,192.168.1.1,10.0.0.2,UDP,177,normal
546.1310557762179,192.168.1.2,10.0.0.2,TCP,1107,normal
214.77060387068036,192.168.1.2,10.0.0.1,ICMP,408,normal
925.1773555698618,192.168.1.2,10.0.0.2,ICMP,298,normal
570.760677685872,192.168.1.1,10.0.0.1,ICMP,1271,normal
597.5195743278432,192.168.1.1,10.0.0.2,UDP,971,normal
437.0167003599833,192.168.1.1,10.0.0.2,TCP,408,normal
5.152363961275164,192.168.1.2,10.0.0.1,TCP,663,normal
928.2004364005065,192.168.1.1,10.0.0.1,ICMP,759,normal
862.4552156247221,192.168.1.2,10.0.0.1,TCP,1260,normal
110.49134823310291,192.168.1.1,10.0.0.1,ICMP,237,normal
963.2976728311723,192.168.1.1,10.0.0.1,ICMP,178,normal
443.02317194468685,192.168.1.1,10.0.0.2,TCP,177,normal
464.90789110213115,192.168.1.2,10.0.0.1,ICMP,202,normal
529.9201930333136,192.168.1.2,10.0.0.2,TCP,633,normal
253.2850641643667,192.168.1.1,10.0.0.1,UDP,944,normal
714.1618511614475,192.168.1.1,10.0.0.2,TCP,1220,normal
696.5535626009404,192.168.1.2,10.0.0.2,UDP,1499,normal
908.6869310950141,192.168.1.2,10.0.0.1,TCP,879,normal
451.10216272931615,192.168.1.1,10.0.0.2,ICMP,343,normal
754.6020578538709,192.168.1.1,10.0.0.2,TCP,807,normal
762.3674006278475,192.168.1.1,10.0.0.2,ICMP,1384,normal
761.2383474125588,192.168.1.2,10.0.0.2,ICMP,692,normal
70.18360587977446,192.168.1.2,10.0.0.2,UDP,145,normal
336.4873491086582,192.168.1.2,10.0.0.1,UDP,1482,normal
616.4643004362175,192.168.1.1,10.0.0.1,UDP,1375,normal
776.9126633761817,192.168.1.1,10.0.0.2,ICMP,1486,normal
121.62416258957798,192.168.1.2,10.0.0.1,TCP,1084,normal
122.08463769781808,192.168.1.2,10.0.0.2,TCP,175,normal
968.6042870024517,192.168.1.2,10.0.0.1,TCP,660,normal
877.5434351371912,192.168.1.2,10.0.0.1,ICMP,908,normal
803.4876018561226,192.168.1.2,10.0.0.1,ICMP,1002,normal
138.8699245426175,192.168.1.2,10.0.0.1,TCP,125,normal
57.60716465344717,192.168.1.2,10.0.0.2,UDP,578,normal
455.0382022645282,192.168.1.2,10.0.0.1,TCP,1159,normal
910.7671596428164,192.168.1.1,10.0.0.2,ICMP,1489,normal
158.83203077633533,192.168.1.1,10.0.0.1,UDP,1143,normal
244.12433043599825,192.168.1.2,10.0.0.1,TCP,769,normal
913.6370512605747,192.168.1.2,10.0.0.2,ICMP,111,normal
134.5477945006033,192.168.1.1,10.0.0.2,TCP,911,normal
121.28190230625601,192.168.1.1,10.0.0.2,ICMP,485,normal
524.4535680581449,192.168.1.2,10.0.0.2,UDP,755,normal
750.2569650656072,192.168.1.1,10.0.0.2,UDP,1291,normal
163.7936607913203,192.168.1.1,10.0.0.1,ICMP,920,normal
935.3439802296401,192.168.1.2,10.0.0.1,TCP,1367,normal
241.97862652387846,192.168.1.1,10.0.0.2,UDP,419,normal
531.4335214615097,192.168.1.1,10.0.0.2,TCP,1125,normal
966.3006575566923,192.168.1.1,10.0.0.2,UDP,834,normal
959.2771571037129,192.168.1.1,10.0.0.1,UDP,1482,normal
796.0835620986942,192.168.1.2,10.0.0.1,UDP,332,normal
727.8306098695192,192.168.1.1,10.0.0.1,TCP,1061,normal
685.2018630807512,192.168.1.1,10.0.0.2,ICMP,1431,normal
919.7529938888605,192.168.1.1,10.0.0.1,ICMP,550,normal
31.413003873706714,192.168.1.1,10.0.0.1,TCP,736,normal
848.8656105733435,192.168.1.2,10.0.0.2,TCP,1414,normal
878.8930714960704,192.168.1.1,10.0.0.2,UDP,1189,normal
974.3043270200606,192.168.1.2,10.0.0.1,UDP,1168,normal
829.8918060494007,192.168.1.1,10.0.0.1,ICMP,271,normal
813.66799149977,192.168.1.1,10.0.0.1,UDP,1141,normal
571.1005648465057,192.168.1.2,10.0.0.1,TCP,96,normal
839.9846361144109,192.168.1.2,10.0.0.1,TCP,459,normal
425.13493332359906,192.168.1.2,10.0.0.2,UDP,1456,normal
180.44413425064565,192.168.1.1,10.0.0.2,UDP,43,normal
385.10319507063764,192.168.1.1,10.0.0.1,TCP,886,normal
786.3162924685091,192.168.1.1,10.0.0.2,TCP,197,normal
766.6199060481738,192.168.1.2,10.0.0.1,UDP,297,normal
446.5311617640808,192.168.1.1,10.0.0.2,TCP,685,normal
811.9500431354757,192.168.1.1,10.0.0.1,ICMP,334,normal
840.8519844751266,192.168.1.2,10.0.0.2,ICMP,185,normal
353.78944524581567,192.168.1.1,10.0.0.2,UDP,1453,normal
754.3441948623131,192.168.1.2,10.0.0.1,ICMP,838,normal
147.3630552616302,192.168.1.1,10.0.0.1,UDP,948,normal
211.671646402671,192.168.1.1,10.0.0.2,UDP,208,normal
376.90344753835836,192.168.1.2,10.0.0.2,ICMP,388,normal
59.63383122943677,192.168.1.1,10.0.0.2,UDP,1293,normal
757.0584310235351,192.168.1.1,10.0.0.2,TCP,1464,normal
452.1484886802452,192.168.1.1,10.0.0.2,UDP,1115,normal
20.09021385540244,192.168.1.2,10.0.0.1,UDP,814,normal
512.4364184789918,192.168.1.2,10.0.0.1,TCP,652,normal
351.947045228159,192.168.1.2,10.0.0.2,ICMP,463,normal
117.08681471325266,192.168.1.2,10.0.0.2,TCP,465,normal
91.72054281220187,192.168.1.2,10.0.0.1,UDP,499,normal
256.2500636678078,192.168.1.1,10.0.0.2,UDP,967,normal
974.3239276247095,192.168.1.2,10.0.0.2,UDP,1151,normal
434.52515500281476,192.168.1.2,10.0.0.2,UDP,1407,normal
923.1695861986258,192.168.1.2,10.0.0.1,ICMP,861,normal
416.9477593136098,192.168.1.2,10.0.0.1,TCP,150,normal
763.6780973163899,192.168.1.2,10.0.0.2,ICMP,977,normal
187.42183058005813,192.168.1.1,10.0.0.2,UDP,353,normal
697.6956052266632,192.168.1.1,10.0.0.1,ICMP,695,normal
644.9611271009907,192.168.1.2,10.0.0.1,TCP,435,normal
53.33508367608852,192.168.1.1,10.0.0.1,TCP,1290,normal
908.9872308143007,192.168.1.2,10.0.0.2,TCP,226,normal
957.5672794066695,192.168.1.2,10.0.0.2,TCP,407,normal
964.8221517654409,192.168.1.2,10.0.0.2,TCP,260,normal
591.3394892761152,192.168.1.1,10.0.0.2,TCP,433,normal
518.4061427199179,192.168.1.2,10.0.0.2,ICMP,77,normal
917.6039809836536,192.168.1.2,10.0.0.1,UDP,77,normal
758.931685642336,192.168.1.1,10.0.0.2,ICMP,777,normal
529.2781625149088,192.168.1.1,10.0.0.1,TCP,575,normal
85.0882725983092,192.168.1.2,10.0.0.2,ICMP,77,normal
661.7374830424391,192.168.1.1,10.0.0.1,TCP,902,normal
752.0263020059907,192.168.1.2,10.0.0.1,TCP,360,normal
63.68282554591909,192.168.1.2,10.0.0.2,TCP,838,normal
49.53107092007858,192.168.1.2,10.0.0.1,UDP,695,normal
520.4385961721937,192.168.1.2,10.0.0.2,TCP,1142,normal
795.104423752045,192.168.1.2,10.0.0.1,ICMP,516,normal
335.47902165560464,192.168.1.2,10.0.0.2,ICMP,651,normal
74.97015092264081,192.168.1.1,10.0.0.1,ICMP,551,normal
843.9986980586609,192.168.1.1,10.0.0.2,TCP,393,normal
757.1184136433852,192.168.1.2,10.0.0.1,ICMP,931,normal
774.3366835325172,192.168.1.1,10.0.0.1,UDP,156,normal
995.6791184065042,192.168.1.2,10.0.0.2,ICMP,1448,normal
972.95603514527,192.168.1.2,10.0.0.2,ICMP,864,normal
152.13164889094855,192.168.1.2,10.0.0.2,ICMP,355,normal
310.8387668490653,192.168.1.1,10.0.0.2,ICMP,951,normal
750.2981049317322,192.168.1.1,10.0.0.2,TCP,1060,normal
215.55824303325866,192.168.1.2,10.0.0.2,ICMP,115,normal
990.1196687161839,192.168.1.1,10.0.0.1,UDP,737,normal
708.6151580710725,192.168.1.2,10.0.0.1,UDP,358,normal
566.5903321473327,192.168.1.1,10.0.0.2,ICMP,287,normal
811.7433051254337,192.168.1.2,10.0.0.2,TCP,267,normal
311.31587276224747,192.168.1.2,10.0.0.1,ICMP,466,normal
481.65150645637954,192.168.1.2,10.0.0.1,TCP,646,normal
386.89843886181575,192.168.1.1,10.0.0.1,ICMP,687,normal
260.22643337315566,192.168.1.1,10.0.0.2,TCP,493,normal
910.310452085889,192.168.1.1,10.0.0.2,ICMP,927,normal
345.6752527919709,192.168.1.1,10.0.0.1,ICMP,124,normal
782.0745202659808,192.168.1.1,10.0.0.2,TCP,1113,normal
392.8859966667718,192.168.1.1,10.0.0.1,TCP,525,normal
416.76242173337397,192.168.1.1,10.0.0.1,UDP,582,normal
438.98789831511255,192.168.1.1,10.0.0.2,UDP,936,normal
567.4331109078287,192.168.1.2,10.0.0.1,UDP,374,normal
716.5251155455715,192.168.1.2,10.0.0.1,TCP,611,normal
421.53782126112606,192.168.1.2,10.0.0.1,TCP,1149,normal
979.434435077496,192.168.1.2,10.0.0.1,ICMP,872,normal
153.10108303519155,192.168.1.2,10.0.0.2,TCP,126,normal
259.5534119455488,192.168.1.2,10.0.0.1,UDP,1470,normal
374.3601378783998,192.168.1.2,10.0.0.1,TCP,1488,normal
439.2137409635857,192.168.1.1,10.0.0.2,UDP,45,normal
711.573026423629,192.168.1.2,10.0.0.1,UDP,1070,normal
722.0725513123381,192.168.1.1,10.0.0.1,ICMP,534,normal
194.19765153356104,192.168.1.1,10.0.0.2,ICMP,1059,normal
774.2344080882987,192.168.1.2,10.0.0.2,ICMP,859,normal
828.7940287351365,192.168.1.2,10.0.0.2,ICMP,1060,normal
442.70968001400604,192.168.1.2,10.0.0.2,UDP,77,normal
863.42959059975,192.168.1.1,10.0.0.2,TCP,739,normal
95.62937428674279,192.168.1.2,10.0.0.2,UDP,136,normal
438.29145901741265,192.168.1.1,10.0.0.2,ICMP,844,normal
838.5200225365166,192.168.1.2,10.0.0.2,TCP,1098,normal
390.69755814302187,192.168.1.1,10.0.0.1,UDP,894,normal
762.3281945779249,192.168.1.2,10.0.0.2,ICMP,436,normal
437.45115058079375,192.168.1.2,10.0.0.1,ICMP,742,normal
88.35634992119223,192.168.1.2,10.0.0.1,TCP,101,normal
119.09348782430452,192.168.1.2,10.0.0.1,ICMP,185,normal
222.7185716953418,192.168.1.2,10.0.0.2,UDP,799,normal
515.6693798515348,192.168.1.2,10.0.0.2,ICMP,153,normal
74.681813803548,192.168.1.1,10.0.0.1,UDP,104,normal
82.69857040467188,192.168.1.2,10.0.0.1,ICMP,744,normal
162.8457440085379,192.168.1.2,10.0.0.1,ICMP,1424,normal
601.031727763159,192.168.1.1,10.0.0.2,UDP,842,normal
324.54014954822054,192.168.1.2,10.0.0.2,ICMP,68,normal
937.8722427186082,192.168.1.1,10.0.0.1,ICMP,967,normal
877.0001715724412,192.168.1.1,10.0.0.1,UDP,306,normal
989.9590876931544,192.168.1.2,10.0.0.1,TCP,964,normal
958.6141263085743,192.168.1.1,10.0.0.1,TCP,1439,normal
23.442761995183915,192.168.1.1,10.0.0.1,UDP,883,normal
318.41985685442654,192.168.1.1,10.0.0.1,TCP,414,normal
708.4991084955375,192.168.1.1,10.0.0.1,ICMP,493,normal
916.9341390012827,192.168.1.2,10.0.0.1,UDP,474,normal
504.85690733893574,192.168.1.1,10.0.0.1,UDP,702,normal
557.7797582939625,192.168.1.1,10.0.0.1,UDP,46,normal
593.6088775111974,192.168.1.1,10.0.0.2,TCP,261,normal
85.34952328076461,192.168.1.2,10.0.0.2,ICMP,271,normal
756.0930657747182,192.168.1.1,10.0.0.2,UDP,1001,normal
301.6124803998567,192.168.1.1,10.0.0.2,ICMP,432,normal
200.57253543966758,192.168.1.2,10.0.0.2,UDP,623,normal
532.3563789068645,192.168.1.2,10.0.0.1,UDP,1420,normal
288.02005679647925,192.168.1.1,10.0.0.1,ICMP,228,normal
110.62180065675432,192.168.1.2,10.0.0.1,TCP,809,normal
522.3450919510545,192.168.1.1,10.0.0.2,ICMP,336,normal
73.72613378957892,192.168.1.1,10.0.0.2,UDP,829,normal
150.68321676404983,192.168.1.2,10.0.0.1,ICMP,920,normal
353.2107813099661,192.168.1.2,10.0.0.2,UDP,1098,normal
722.1622686428644,192.168.1.1,10.0.0.2,UDP,327,normal
421.5497001112707,192.168.1.1,10.0.0.2,TCP,414,normal
374.26730208785585,192.168.1.2,10.0.0.2,UDP,1182,normal
906.5093990009553,192.168.1.1,10.0.0.2,UDP,1339,normal
71.97548980174118,192.168.1.2,10.0.0.2,ICMP,151,normal
414.38441586680653,192.168.1.2,10.0.0.2,TCP,1386,normal
702.0081396657018,192.168.1.2,10.0.0.2,TCP,1178,normal
946.7026413402219,192.168.1.1,10.0.0.1,ICMP,600,normal
303.23610577879725,192.168.1.1,10.0.0.2,ICMP,241,normal
616.5852106855021,192.168.1.2,10.0.0.1,ICMP,1153,normal
568.8004644767014,192.168.1.2,10.0.0.2,UDP,311,normal
18.84365755834738,192.168.1.1,10.0.0.2,TCP,272,normal
994.1650028810676,192.168.1.2,10.0.0.2,UDP,1033,normal
236.19980402158058,192.168.1.2,10.0.0.2,ICMP,1171,normal
80.4313041045569,192.168.1.2,10.0.0.2,TCP,531,normal
909.9625300219556,192.168.1.1,10.0.0.2,TCP,1449,normal
670.6265191397678,192.168.1.1,10.0.0.2,UDP,695,normal
469.5760173076805,192.168.1.2,10.0.0.1,ICMP,1349,normal
497.67331122834037,192.168.1.1,10.0.0.2,UDP,496,normal
781.2863975454862,192.168.1.2,10.0.0.1,ICMP,44,normal
734.3034665964178,192.168.1.1,10.0.0.1,ICMP,1263,normal
119.94885894805729,192.168.1.1,10.0.0.2,ICMP,157,normal
838.4838416303875,192.168.1.2,10.0.0.1,UDP,1230,normal
105.2670771321117,192.168.1.1,10.0.0.1,ICMP,124,normal
309.0714720310662,192.168.1.2,10.0.0.1,TCP,1257,normal
241.94883459569482,192.168.1.1,10.0.0.1,UDP,1235,normal
132.45834906627317,192.168.1.1,10.0.0.1,TCP,1198,normal
992.6306831622551,192.168.1.2,10.0.0.2,UDP,805,normal
257.15805233850307,192.168.1.2,10.0.0.1,ICMP,68,normal
833.0390268031259,192.168.1.1,10.0.0.2,ICMP,351,normal
149.48111271848074,192.168.1.2,10.0.0.1,UDP,435,normal
162.85152887666464,192.168.1.2,10.0.0.2,TCP,1336,normal
48.574247235844915,192.168.1.2,10.0.0.2,TCP,1191,normal
575.6852355689748,192.168.1.1,10.0.0.1,ICMP,457,normal
218.30729192392818,192.168.1.1,10.0.0.1,TCP,888,normal
833.8396906822464,192.168.1.2,10.0.0.1,UDP,1464,normal
976.1050095299472,192.168.1.1,10.0.0.1,ICMP,1319,normal
140.4762674142822,192.168.1.1,10.0.0.2,TCP,370,normal
449.15995418918766,192.168.1.1,10.0.0.2,TCP,1329,normal
610.5490253723158,192.168.1.2,10.0.0.2,TCP,1277,normal
301.058617562688,192.168.1.1,10.0.0.2,UDP,1465,normal
210.6171135477344,192.168.1.1,10.0.0.1,UDP,897,normal
830.9120689876526,192.168.1.1,10.0.0.2,ICMP,1305,normal
336.46100440218294,192.168.1.2,10.0.0.2,ICMP,797,normal
741.4840996856855,192.168.1.2,10.0.0.1,ICMP,1208,normal
264.63753547244204,192.168.1.2,10.0.0.2,UDP,607,normal
563.547913518714,192.168.1.2,10.0.0.2,UDP,933,normal
8.800933835071634,192.168.1.2,10.0.0.2,UDP,1469,normal
291.9376836619505,192.168.1.1,10.0.0.2,TCP,709,normal
723.2929731864382,192.168.1.2,10.0.0.1,ICMP,1176,normal
646.3942977963634,192.168.1.1,10.0.0.2,UDP,764,normal
92.3132304988824,192.168.1.2,10.0.0.2,UDP,1408,normal
447.03163360655765,192.168.1.1,10.0.0.2,TCP,732,normal
801.0827969231058,192.168.1.2,10.0.0.1,TCP,1100,normal
804.0912918761836,192.168.1.1,10.0.0.2,ICMP,477,normal
693.1917054646134,192.168.1.1,10.0.0.1,TCP,1354,normal
686.5764852058869,192.168.1.1,10.0.0.2,ICMP,166,normal
775.3882929845369,192.168.1.1,10.0.0.2,ICMP,1465,normal
150.75915483665858,192.168.1.2,10.0.0.2,ICMP,407,normal
604.4992276385069,192.168.1.2,10.0.0.2,ICMP,40,normal
955.876341300986,192.168.1.1,10.0.0.2,TCP,1080,normal
672.6391910379606,192.168.1.1,10.0.0.2,UDP,463,normal
958.6916573915578,192.168.1.2,10.0.0.2,TCP,1336,normal
492.1730563735747,192.168.1.2,10.0.0.1,UDP,397,normal
122.67744155907023,192.168.1.2,10.0.0.1,TCP,977,normal
840.8995295040698,192.168.1.2,10.0.0.1,ICMP,353,normal
418.28878132417316,192.168.1.2,10.0.0.2,ICMP,1079,normal
413.8266982776547,192.168.1.1,10.0.0.1,ICMP,1094,normal
317.80152511897455,192.168.1.1,10.0.0.2,UDP,531,normal
902.526185113151,192.168.1.1,10.0.0.1,UDP,983,normal
858.8729866495178,192.168.1.1,10.0.0.2,UDP,175,normal
848.0021812301097,192.168.1.1,10.0.0.1,ICMP,982,normal
271.0116416823466,192.168.1.2,10.0.0.1,ICMP,92,normal
521.3248809189806,192.168.1.1,10.0.0.1,UDP,890,normal
910.9560082144477,192.168.1.2,10.0.0.2,ICMP,835,normal
599.6144585116249,192.168.1.2,10.0.0.2,UDP,767,normal
275.6167228584252,192.168.1.1,10.0.0.1,ICMP,578,normal
956.7264092332035,192.168.1.2,10.0.0.2,UDP,84,normal
184.29939750578984,192.168.1.1,10.0.0.1,TCP,867,normal
757.7637785986843,192.168.1.2,10.0.0.1,TCP,198,normal
817.6810110419,192.168.1.2,10.0.0.2,TCP,414,normal
260.79027337525105,192.168.1.1,10.0.0.1,UDP,1301,normal
67.28884511449218,192.168.1.2,10.0.0.2,TCP,81,normal
120.7056526658229,192.168.1.2,10.0.0.2,TCP,401,normal
151.69176078230652,192.168.1.2,10.0.0.1,ICMP,597,normal
40.85033578913466,192.168.1.2,10.0.0.2,TCP,1377,normal
780.6991633836009,192.168.1.2,10.0.0.1,UDP,782,normal
939.1353129238764,192.168.1.2,10.0.0.1,TCP,303,normal
286.3437479452418,192.168.1.1,10.0.0.2,UDP,355,normal
328.8161934901408,192.168.1.1,10.0.0.2,TCP,1381,normal
180.2850059334544,192.168.1.2,10.0.0.1,TCP,277,normal
61.96159623234809,192.168.1.1,10.0.0.1,UDP,850,normal
927.4132296361544,192.168.1.2,10.0.0.2,ICMP,248,normal
140.3637092419936,192.168.1.2,10.0.0.2,TCP,770,normal
404.7747099639539,192.168.1.2,10.0.0.1,UDP,812,normal
79.42438587372614,192.168.1.2,10.0.0.1,UDP,723,normal
155.39771241704793,192.168.1.1,10.0.0.2,TCP,1282,normal
712.2805409088417,192.168.1.2,10.0.0.2,UDP,1189,normal
646.8647368329695,192.168.1.2,10.0.0.1,TCP,1008,normal
415.7763246929476,192.168.1.1,10.0.0.2,UDP,201,normal
408.74699663284406,192.168.1.2,10.0.0.1,ICMP,1375,normal
273.7611658321618,192.168.1.1,10.0.0.2,TCP,1044,normal
546.8292624713973,192.168.1.1,10.0.0.2,ICMP,469,normal
787.981706342716,192.168.1.2,10.0.0.1,ICMP,507,normal
697.4389918005628,192.168.1.2,10.0.0.1,TCP,583,normal
624.1169813932767,192.168.1.2,10.0.0.2,UDP,979,normal
870.2615244939135,192.168.1.2,10.0.0.2,ICMP,386,normal
126.60746255464039,192.168.1.1,10.0.0.2,UDP,97,normal
859.7260360842519,192.168.1.1,10.0.0.2,TCP,1092,normal
906.5330536122452,192.168.1.2,10.0.0.2,TCP,179,normal
35.69428057061319,192.168.1.2,10.0.0.2,UDP,427,normal
638.844212931587,192.168.1.1,10.0.0.2,UDP,1256,normal
1.430109481428521,192.168.1.2,10.0.0.2,TCP,692,normal
717.9334516124245,192.168.1.1,10.0.0.1,ICMP,694,normal
267.84978564043536,192.168.1.2,10.0.0.1,ICMP,1168,normal
958.5245842477974,192.168.1.2,10.0.0.2,ICMP,107,normal
983.4207044654486,192.168.1.1,10.0.0.2,TCP,817,normal
377.84561495881775,192.168.1.1,10.0.0.1,UDP,1365,normal
693.8942662201994,192.168.1.1,10.0.0.2,TCP,878,normal
999.0944847132556,192.168.1.1,10.0.0.2,ICMP,49,normal
865.4280545488718,192.168.1.2,10.0.0.1,ICMP,1390,normal
380.1310531280854,192.168.1.2,10.0.0.1,UDP,847,normal
110.43170778998113,192.168.1.2,10.0.0.2,UDP,1440,normal
917.7201213938334,192.168.1.1,10.0.0.2,ICMP,633,normal
982.5658648434846,192.168.1.1,10.0.0.1,TCP,1331,normal
286.36204065702975,192.168.1.1,10.0.0.2,TCP,57,normal
588.2462700342277,192.168.1.1,10.0.0.2,ICMP,732,normal
370.3140204620188,192.168.1.2,10.0.0.1,UDP,582,normal
267.6207277418281,192.168.1.2,10.0.0.2,UDP,509,normal
856.9038229718711,192.168.1.1,10.0.0.2,ICMP,620,normal
662.7281895596666,192.168.1.1,10.0.0.1,ICMP,1353,normal
405.3136042787497,192.168.1.2,10.0.0.1,ICMP,265,normal
251.89469951496503,192.168.1.2,10.0.0.2,ICMP,851,normal
79.99904835292992,192.168.1.1,10.0.0.2,TCP,907,normal
800.1082818366283,192.168.1.1,10.0.0.2,UDP,1486,normal
455.14373181621204,192.168.1.2,10.0.0.2,UDP,1080,normal
614.0856765967764,192.168.1.2,10.0.0.1,TCP,1131,normal
407.464706542469,192.168.1.1,10.0.0.1,TCP,1241,normal
747.8419908432926,192.168.1.2,10.0.0.1,ICMP,712,normal
217.8539079297548,192.168.1.1,10.0.0.1,TCP,288,normal
272.0851846729281,192.168.1.1,10.0.0.1,ICMP,117,normal
959.4390666722563,192.168.1.1,10.0.0.2,TCP,1370,normal
593.9125414577875,192.168.1.2,10.0.0.2,UDP,432,normal
277.14977017261566,192.168.1.1,10.0.0.2,ICMP,585,normal
628.9527760107449,192.168.1.2,10.0.0.1,TCP,575,normal
39.209812173290004,192.168.1.1,10.0.0.1,UDP,1257,normal
525.7717740734724,192.168.1.2,10.0.0.2,UDP,755,normal
924.1983842112799,192.168.1.1,10.0.0.1,TCP,381,normal
848.7545572134085,192.168.1.1,10.0.0.2,TCP,857,normal
979.2044726435023,192.168.1.1,10.0.0.2,TCP,465,normal
446.1475014839874,192.168.1.1,10.0.0.1,ICMP,1345,normal
62.87127769505074,192.168.1.2,10.0.0.1,ICMP,467,normal
854.0312111196165,192.168.1.1,10.0.0.1,ICMP,108,normal
553.5896866797211,192.168.1.1,10.0.0.2,TCP,421,normal
410.9381042668432,192.168.1.2,10.0.0.1,UDP,236,normal
858.0692643626552,192.168.1.1,10.0.0.1,UDP,282,normal
92.96250329262978,192.168.1.2,10.0.0.1,ICMP,1208,normal
998.0288187662189,192.168.1.1,10.0.0.1,UDP,638,normal
768.9355560558174,192.168.1.1,10.0.0.1,UDP,1266,normal
218.19773568756128,192.168.1.2,10.0.0.2,TCP,968,normal
976.0314477899325,192.168.1.1,10.0.0.1,TCP,1034,normal
904.7485190488163,192.168.1.2,10.0.0.1,ICMP,467,normal
22.167644607856474,192.168.1.1,10.0.0.1,TCP,313,normal
325.15033837205874,192.168.1.1,10.0.0.1,UDP,1006,normal
533.0512981521235,192.168.1.1,10.0.0.2,UDP,1138,normal
336.0432492938221,192.168.1.2,10.0.0.1,UDP,1299,normal
411.9909536594343,192.168.1.1,10.0.0.2,UDP,1111,normal
647.8313787303499,192.168.1.2,10.0.0.2,UDP,320,normal
708.981642336198,192.168.1.1,10.0.0.2,ICMP,958,normal
544.5774008325604,192.168.1.2,10.0.0.2,UDP,836,normal
388.1635972853129,192.168.1.2,10.0.0.1,UDP,786,normal
720.1000952923913,192.168.1.1,10.0.0.2,UDP,214,normal
970.4251483072317,192.168.1.1,10.0.0.1,TCP,823,normal
693.7469515204764,192.168.1.2,10.0.0.2,UDP,690,normal
501.04898371796014,192.168.1.1,10.0.0.2,TCP,1070,normal
218.45756543881345,192.168.1.2,10.0.0.1,TCP,118,normal
852.0575096634435,192.168.1.2,10.0.0.1,TCP,1301,normal
349.71329679674136,192.168.1.2,10.0.0.1,TCP,477,normal
382.38656297157615,192.168.1.2,10.0.0.1,ICMP,690,normal
730.2370102925541,192.168.1.2,10.0.0.1,TCP,415,normal
920.4336384835692,192.168.1.1,10.0.0.2,TCP,1475,normal
349.37286903226516,192.168.1.2,10.0.0.2,UDP,1005,normal
274.6920371447088,192.168.1.1,10.0.0.2,UDP,1487,normal
713.4774424746192,192.168.1.2,10.0.0.1,UDP,691,normal
354.2961061269586,192.168.1.2,10.0.0.2,ICMP,1356,normal
973.1730988137394,192.168.1.1,10.0.0.1,TCP,309,normal
176.38231195464127,192.168.1.2,10.0.0.1,UDP,1328,normal
602.6077441902063,192.168.1.1,10.0.0.2,TCP,583,normal
286.7251204854827,192.168.1.1,10.0.0.1,ICMP,972,normal
791.743421076764,192.168.1.2,10.0.0.2,TCP,888,normal
355.00066554376053,192.168.1.2,10.0.0.2,ICMP,1059,normal
883.0935903994393,192.168.1.1,10.0.0.1,UDP,1053,normal
325.6415469339351,192.168.1.1,10.0.0.2,ICMP,651,normal
6.248829837994019,192.168.1.2,10.0.0.1,UDP,454,normal
513.7198198696136,192.168.1.1,10.0.0.1,TCP,1205,normal
136.4121627382493,192.168.1.1,10.0.0.1,TCP,1354,normal
17.02985551208758,192.168.1.2,10.0.0.1,ICMP,950,normal
132.13694732081748,192.168.1.2,10.0.0.1,ICMP,1376,normal
799.6256347825021,192.168.1.1,10.0.0.1,ICMP,681,normal
682.6263092227001,192.168.1.1,10.0.0.1,ICMP,1148,normal
443.5663021942504,192.168.1.1,10.0.0.2,ICMP,326,normal
908.8317332399212,192.168.1.2,10.0.0.1,UDP,827,normal
789.2230638205959,192.168.1.2,10.0.0.1,ICMP,1121,normal
408.8962561809003,192.168.1.2,10.0.0.1,ICMP,304,normal
911.189650527516,192.168.1.2,10.0.0.1,TCP,129,normal
204.75676133407526,192.168.1.1,10.0.0.2,UDP,375,normal
789.9814815430003,192.168.1.1,10.0.0.1,TCP,524,normal
366.281322510573,192.168.1.1,10.0.0.1,UDP,606,normal
768.6014231439225,192.168.1.2,10.0.0.1,TCP,1127,normal
768.441996517585,192.168.1.2,10.0.0.1,TCP,946,normal
625.2598962247924,192.168.1.1,10.0.0.1,UDP,517,normal
274.23551595475436,192.168.1.2,10.0.0.1,ICMP,169,normal
745.005119469151,192.168.1.2,10.0.0.1,UDP,542,normal
9.46780558786131,192.168.1.1,10.0.0.2,TCP,1349,normal
98.83549138485948,192.168.1.1,10.0.0.1,ICMP,837,normal
63.961824532362435,192.168.1.2,10.0.0.2,ICMP,769,normal
521.0213064554522,192.168.1.2,10.0.0.1,TCP,925,normal
130.32896858216847,192.168.1.2,10.0.0.1,TCP,716,normal
901.0861171576347,192.168.1.1,10.0.0.2,TCP,520,normal
176.9047257356059,192.168.1.1,10.0.0.2,UDP,1130,normal
308.1673639144378,192.168.1.2,10.0.0.2,ICMP,609,normal
841.2915056850891,192.168.1.2,10.0.0.1,UDP,670,normal
854.0462799740947,192.168.1.1,10.0.0.1,TCP,941,normal
120.02198736576275,192.168.1.1,10.0.0.1,UDP,211,normal
358.92590582971695,192.168.1.2,10.0.0.1,UDP,1052,normal
641.8360069417089,192.168.1.2,10.0.0.2,TCP,922,normal
966.2454967316601,192.168.1.1,10.0.0.1,ICMP,954,normal
64.57233117242068,192.168.1.1,10.0.0.1,TCP,906,normal
560.5103367444174,192.168.1.1,10.0.0.2,TCP,849,normal
982.9067796540113,192.168.1.2,10.0.0.1,UDP,1290,normal
293.8113690043571,192.168.1.1,10.0.0.2,UDP,529,normal
769.5881908721431,192.168.1.2,10.0.0.1,ICMP,966,normal
694.4611563127739,192.168.1.2,10.0.0.1,UDP,596,normal
328.81772414097134,192.168.1.1,10.0.0.2,ICMP,1174,normal
4.262384638764161,192.168.1.1,10.0.0.2,ICMP,289,normal
153.0530914433307,192.168.1.1,10.0.0.2,TCP,1078,normal
340.1067717766686,192.168.1.2,10.0.0.2,TCP,151,normal
270.6265499252072,192.168.1.1,10.0.0.1,TCP,669,normal
740.901025259482,192.168.1.1,10.0.0.2,TCP,1057,normal
338.3411102801026,192.168.1.1,10.0.0.2,UDP,140,normal
57.20082745646027,192.168.1.1,10.0.0.2,TCP,1104,normal
660.5245525388615,192.168.1.1,10.0.0.1,UDP,482,normal
585.4728904731385,192.168.1.2,10.0.0.1,UDP,87,normal
384.71184986236506,192.168.1.2,10.0.0.1,ICMP,1076,normal
244.02451928713563,192.168.1.1,10.0.0.1,TCP,1455,normal
782.6515408714846,192.168.1.2,10.0.0.2,TCP,1052,normal
853.0056691601955,192.168.1.1,10.0.0.1,ICMP,504,normal
143.64384149868837,192.168.1.1,10.0.0.1,UDP,1204,normal
193.91988176267182,192.168.1.1,10.0.0.1,ICMP,1096,normal
141.6464323982969,192.168.1.2,10.0.0.1,TCP,708,normal
406.96601542529356,192.168.1.2,10.0.0.1,TCP,248,normal
665.6446061045592,192.168.1.1,10.0.0.1,TCP,205,normal
742.5278208071278,192.168.1.2,10.0.0.2,UDP,413,normal
201.4040432371803,192.168.1.2,10.0.0.1,ICMP,199,normal
165.65153714773652,192.168.1.1,10.0.0.1,ICMP,987,normal
396.5616443388429,192.168.1.2,10.0.0.1,ICMP,1493,normal
288.9463844972263,192.168.1.1,10.0.0.1,ICMP,656,normal
265.01796011338905,192.168.1.1,10.0.0.1,ICMP,1363,normal
67.94139763184803,192.168.1.2,10.0.0.2,ICMP,552,normal
44.42097387961286,192.168.1.1,10.0.0.2,ICMP,1256,normal
877.7904675348328,192.168.1.2,10.0.0.2,ICMP,810,normal
464.0348245995215,192.168.1.1,10.0.0.1,TCP,929,normal
695.5678839303238,192.168.1.2,10.0.0.2,UDP,1131,normal
427.88067883003976,192.168.1.2,10.0.0.1,TCP,823,normal
422.66235678820885,192.168.1.2,10.0.0.2,UDP,1136,normal
900.606593346273,192.168.1.1,10.0.0.2,UDP,1325,normal
610.2074250342797,192.168.1.2,10.0.0.1,TCP,127,normal
13.054153189571927,192.168.1.2,10.0.0.1,TCP,516,normal
429.3631485544529,192.168.1.1,10.0.0.1,ICMP,354,normal
932.103150292351,192.168.1.1,10.0.0.1,UDP,1366,normal
288.80218363168643,192.168.1.1,10.0.0.2,ICMP,1274,normal
452.24099324507586,192.168.1.1,10.0.0.1,UDP,463,normal
210.35906342464884,192.168.1.1,10.0.0.1,ICMP,356,normal
257.19599488516656,192.168.1.2,10.0.0.2,ICMP,379,normal
642.6670670276646,192.168.1.1,10.0.0.1,TCP,1425,normal
598.0927543650872,192.168.1.2,10.0.0.2,TCP,167,normal
771.6338896990915,192.168.1.2,10.0.0.2,UDP,1432,normal
980.6191652118554,192.168.1.2,10.0.0.2,ICMP,1166,normal
996.4231819879825,192.168.1.2,10.0.0.2,UDP,1215,normal
353.18519233361087,192.168.1.1,10.0.0.1,ICMP,609,normal
14.890875091876365,192.168.1.2,10.0.0.1,TCP,554,normal
627.454449425349,192.168.1.2,10.0.0.2,UDP,1092,normal
827.4022253849539,192.168.1.1,10.0.0.1,ICMP,841,normal
414.52842024200555,192.168.1.2,10.0.0.1,UDP,1478,normal
208.39260794670133,192.168.1.1,10.0.0.2,UDP,560,normal
378.0792797167819,192.168.1.1,10.0.0.1,ICMP,669,normal
254.16285344720734,192.168.1.2,10.0.0.2,TCP,1153,normal
65.95909749642071,192.168.1.2,10.0.0.1,ICMP,331,normal
28.133448119282978,192.168.1.2,10.0.0.1,UDP,979,normal
459.6943562831953,192.168.1.2,10.0.0.2,TCP,189,normal
580.1539379421991,192.168.1.1,10.0.0.2,TCP,924,normal
586.5247164367523,192.168.1.2,10.0.0.1,TCP,908,normal
579.9058244664753,192.168.1.1,10.0.0.2,TCP,1412,normal
780.5368808566136,192.168.1.1,10.0.0.2,TCP,846,normal
415.5353795699331,192.168.1.1,10.0.0.1,TCP,960,normal
337.6970369226411,192.168.1.1,10.0.0.2,TCP,258,normal
360.4090368246987,192.168.1.1,10.0.0.2,UDP,404,normal
483.16100708089647,192.168.1.2,10.0.0.1,ICMP,304,normal
201.44906790944873,192.168.1.2,10.0.0.1,UDP,334,normal
662.6239355777597,192.168.1.1,10.0.0.2,TCP,1134,normal
267.7512943673519,192.168.1.1,10.0.0.1,UDP,56,normal
6.279230665607649,192.168.1.2,10.0.0.1,TCP,845,normal
485.31710675372017,192.168.1.1,10.0.0.2,TCP,1362,normal
266.7452515224923,192.168.1.2,10.0.0.1,ICMP,1182,normal
255.01450906261692,192.168.1.2,10.0.0.2,ICMP,71,normal
39.007075969972995,192.168.1.1,10.0.0.2,ICMP,191,normal
955.8929003807744,192.168.1.1,10.0.0.2,ICMP,810,normal
113.65668988871758,192.168.1.2,10.0.0.2,ICMP,180,normal
884.5937869719296,192.168.1.2,10.0.0.2,ICMP,824,normal
30.834742133509565,192.168.1.1,10.0.0.1,TCP,1058,normal
238.9436495563043,192.168.1.2,10.0.0.1,TCP,44,normal
577.6705427981159,192.168.1.1,10.0.0.2,ICMP,686,normal
540.2479586956451,192.168.1.1,10.0.0.2,ICMP,738,normal
762.4025141701026,192.168.1.2,10.0.0.2,UDP,1037,normal
265.15948989206385,192.168.1.1,10.0.0.1,TCP,538,normal
839.7463006299378,192.168.1.1,10.0.0.2,ICMP,549,normal
889.0646149344818,192.168.1.2,10.0.0.2,UDP,220,normal
41.48320512629267,192.168.1.1,10.0.0.1,TCP,548,normal
814.6699661767269,192.168.1.2,10.0.0.1,TCP,999,normal
677.2706533515143,192.168.1.2,10.0.0.2,TCP,965,normal
178.01871559161475,192.168.1.2,10.0.0.1,UDP,487,normal
347.8631555532871,192.168.1.2,10.0.0.2,UDP,79,normal
663.8031421446625,192.168.1.2,10.0.0.1,TCP,1217,normal
613.4185009213371,192.168.1.1,10.0.0.2,ICMP,1056,normal
672.383820976584,192.168.1.2,10.0.0.2,ICMP,691,normal
767.6751033708402,192.168.1.1,10.0.0.1,ICMP,1004,normal
269.3009098508843,192.168.1.2,10.0.0.1,TCP,64,normal
955.9086063488761,192.168.1.1,10.0.0.2,UDP,520,normal
62.55682793835493,192.168.1.1,10.0.0.2,TCP,367,normal
906.77975292646,192.168.1.1,10.0.0.2,ICMP,547,normal
985.0166870419488,192.168.1.2,10.0.0.1,UDP,1186,normal
312.3764197400054,192.168.1.1,10.0.0.1,ICMP,1105,normal
976.9021816582755,192.168.1.1,10.0.0.1,ICMP,498,normal
168.0674224129596,192.168.1.2,10.0.0.2,UDP,468,normal
47.86539461071116,192.168.1.2,10.0.0.1,TCP,572,normal
209.38811218876353,192.168.1.2,10.0.0.2,TCP,1264,normal
48.149477156832596,192.168.1.2,10.0.0.2,ICMP,1127,normal
772.1782796569262,192.168.1.1,10.0.0.1,TCP,1331,normal
100.77605180813043,192.168.1.2,10.0.0.1,UDP,1149,normal
482.461139107357,192.168.1.1,10.0.0.1,TCP,713,normal
851.9491552299273,192.168.1.2,10.0.0.1,TCP,66,normal
862.734654868842,192.168.1.1,10.0.0.2,TCP,669,normal
519.7975577528074,192.168.1.2,10.0.0.2,ICMP,849,normal
802.5723396858626,192.168.1.2,10.0.0.2,UDP,845,normal
939.3879620172352,192.168.1.2,10.0.0.2,TCP,69,normal
940.3348028382838,192.168.1.1,10.0.0.1,ICMP,419,normal
640.7964947152892,192.168.1.1,10.0.0.1,TCP,1336,normal
537.1006429927149,192.168.1.2,10.0.0.1,UDP,370,normal
65.464468834039,192.168.1.1,10.0.0.1,TCP,910,normal
500.65390815558084,192.168.1.2,10.0.0.1,ICMP,259,normal
945.4813100649241,192.168.1.1,10.0.0.1,TCP,199,normal
807.5206013299149,192.168.1.1,10.0.0.2,TCP,902,normal
489.9923963387588,192.168.1.1,10.0.0.1,TCP,1311,normal
564.6404984755857,192.168.1.1,10.0.0.1,ICMP,103,normal
411.6956235891781,192.168.1.2,10.0.0.1,UDP,544,normal
587.7193194703295,192.168.1.1,10.0.0.2,TCP,535,normal
170.95273228998553,192.168.1.1,10.0.0.2,ICMP,227,normal
393.5763611434193,192.168.1.2,10.0.0.1,ICMP,248,normal
47.23773724130598,192.168.1.2,10.0.0.1,TCP,1078,normal
559.2846574154399,192.168.1.2,10.0.0.1,ICMP,1319,normal
997.5564910196074,192.168.1.1,10.0.0.1,ICMP,1366,normal
166.46839517192947,192.168.1.1,10.0.0.2,UDP,256,normal
731.9836459517103,192.168.1.1,10.0.0.2,TCP,944,normal
672.4147641954604,192.168.1.2,10.0.0.2,TCP,82,normal
418.07363811260166,192.168.1.1,10.0.0.2,UDP,914,normal
933.3190404140637,192.168.1.1,10.0.0.1,UDP,521,normal
189.97634875581747,192.168.1.2,10.0.0.1,UDP,931,normal
995.1898419683919,192.168.1.2,10.0.0.2,UDP,1400,normal
300.2923719479456,192.168.1.2,10.0.0.2,ICMP,1295,normal
770.3155687966087,192.168.1.1,10.0.0.1,UDP,1264,normal
967.5475631187275,192.168.1.2,10.0.0.2,TCP,968,normal
105.28156955118739,192.168.1.2,10.0.0.1,UDP,79,normal
709.7799634055648,192.168.1.1,10.0.0.2,UDP,265,normal
403.37632295218106,192.168.1.1,10.0.0.2,ICMP,619,normal
802.028929954464,192.168.1.2,10.0.0.2,UDP,477,normal
951.1327520194235,192.168.1.2,10.0.0.1,ICMP,1003,normal
235.94825489554782,192.168.1.1,10.0.0.1,UDP,1133,normal
775.4770069988783,192.168.1.1,10.0.0.2,TCP,859,normal
306.09613808874525,192.168.1.1,10.0.0.2,ICMP,243,normal
115.00726961664154,192.168.1.2,10.0.0.1,UDP,380,normal
278.7374389136173,192.168.1.1,10.0.0.2,UDP,935,normal
392.7854481378819,192.168.1.1,10.0.0.2,TCP,779,normal
460.81977496332007,192.168.1.1,10.0.0.2,ICMP,349,normal
963.7824971040392,192.168.1.1,10.0.0.1,UDP,835,normal
762.4291366839095,192.168.1.1,10.0.0.1,TCP,1109,normal
820.8808594860478,192.168.1.2,10.0.0.2,UDP,1496,normal
329.0892296143778,192.168.1.2,10.0.0.2,TCP,1411,normal
406.0954528999359,192.168.1.2,10.0.0.2,ICMP,289,normal
391.757416234589,192.168.1.2,10.0.0.2,ICMP,458,normal
253.71849546676717,192.168.1.2,10.0.0.1,UDP,181,normal
768.2848409145536,192.168.1.1,10.0.0.2,ICMP,1401,normal
615.3234679721077,192.168.1.1,10.0.0.1,ICMP,45,normal
20.0513627528478,192.168.1.1,10.0.0.2,UDP,1018,normal
945.3675002630133,192.168.1.1,10.0.0.2,ICMP,247,normal
979.3164630150521,192.168.1.1,10.0.0.1,UDP,181,normal
873.8471035189909,192.168.1.2,10.0.0.2,ICMP,361,normal
411.8537752413138,192.168.1.2,10.0.0.2,ICMP,417,normal
155.31566442068524,192.168.1.2,10.0.0.2,ICMP,638,normal
609.7468086453285,192.168.1.2,10.0.0.1,TCP,422,normal
333.40409744347,192.168.1.2,10.0.0.1,UDP,1498,normal
458.96462737383735,192.168.1.2,10.0.0.1,ICMP,604,normal
24.24839771444953,192.168.1.2,10.0.0.2,ICMP,759,normal
827.0485850691829,192.168.1.2,10.0.0.2,ICMP,493,normal
46.60396131064726,192.168.1.1,10.0.0.2,ICMP,456,normal
873.914540825451,192.168.1.2,10.0.0.1,ICMP,663,normal
205.29877281495013,192.168.1.2,10.0.0.2,UDP,670,normal
291.76881503937267,192.168.1.1,10.0.0.2,UDP,1393,normal
207.08759131353028,192.168.1.2,10.0.0.2,ICMP,1032,normal
370.59964491924234,192.168.1.2,10.0.0.1,ICMP,189,normal
470.8548196939224,192.168.1.1,10.0.0.2,UDP,718,normal
496.38471554478224,192.168.1.1,10.0.0.2,TCP,998,normal
438.2487024303311,192.168.1.2,10.0.0.1,UDP,742,normal
249.06867020771716,192.168.1.2,10.0.0.1,UDP,92,normal
439.83842852796727,192.168.1.1,10.0.0.2,ICMP,1403,normal
41.2946900427803,192.168.1.2,10.0.0.2,ICMP,1417,normal
678.8018623957714,192.168.1.1,10.0.0.1,TCP,205,normal
445.8853661520168,192.168.1.1,10.0.0.2,ICMP,154,normal
393.8546485423784,192.168.1.1,10.0.0.2,TCP,1043,normal
214.33308018923447,192.168.1.1,10.0.0.1,ICMP,1061,normal
742.8819843189401,192.168.1.2,10.0.0.1,UDP,768,normal
922.7136707515663,192.168.1.2,10.0.0.1,UDP,665,normal
957.2952235494101,192.168.1.1,10.0.0.1,ICMP,1362,normal
602.6565934830736,192.168.1.1,10.0.0.1,UDP,49,normal
851.7428894884929,192.168.1.1,10.0.0.1,TCP,662,normal
817.1589904019019,192.168.1.1,10.0.0.2,UDP,1118,normal
742.5801518480279,192.168.1.1,10.0.0.1,UDP,669,normal
869.2860799960797,192.168.1.2,10.0.0.2,TCP,621,normal
88.81265794075543,192.168.1.1,10.0.0.2,ICMP,76,normal
236.10112946234807,192.168.1.1,10.0.0.1,ICMP,1385,normal
440.2305969830924,192.168.1.2,10.0.0.1,ICMP,771,normal
508.71130566142307,192.168.1.1,10.0.0.2,UDP,561,normal
582.6875398167216,192.168.1.2,10.0.0.2,ICMP,241,normal
957.7567628944339,192.168.1.2,10.0.0.2,UDP,1339,normal
910.5278297097692,192.168.1.1,10.0.0.2,TCP,865,normal
362.4636288614559,192.168.1.1,10.0.0.1,ICMP,569,normal
287.47366122740783,192.168.1.1,10.0.0.2,ICMP,191,normal
41.50782799321484,192.168.1.1,10.0.0.2,ICMP,420,normal
251.74479670141602,192.168.1.1,10.0.0.2,TCP,371,normal
677.9601172503701,192.168.1.2,10.0.0.2,UDP,1383,normal
703.5789039788558,192.168.1.2,10.0.0.1,UDP,1206,normal
764.6486464243883,192.168.1.1,10.0.0.1,UDP,119,normal
3.125060475381747,192.168.1.2,10.0.0.1,TCP,724,normal
126.21442435610919,192.168.1.1,10.0.0.1,UDP,377,normal
733.3903091477559,192.168.1.2,10.0.0.1,UDP,735,normal
65.70775207095781,192.168.1.1,10.0.0.2,TCP,589,normal
754.3077231552606,192.168.1.2,10.0.0.2,ICMP,269,normal
948.7175572634084,192.168.1.2,10.0.0.2,UDP,724,normal
824.7088087416636,192.168.1.2,10.0.0.1,ICMP,1351,normal
962.6978709436568,192.168.1.1,10.0.0.2,ICMP,1344,normal
42.65922205403272,192.168.1.1,10.0.0.1,TCP,859,normal
531.9800776705191,192.168.1.1,10.0.0.2,TCP,500,normal
456.2368338955689,192.168.1.1,10.0.0.1,UDP,631,normal
375.30880983103543,192.168.1.1,10.0.0.2,TCP,629,normal
410.2980081841946,192.168.1.2,10.0.0.2,ICMP,115,normal
894.5381268349029,192.168.1.1,10.0.0.1,TCP,870,normal
365.9546970154798,192.168.1.2,10.0.0.2,TCP,1054,normal
171.91594096154407,192.168.1.1,10.0.0.1,ICMP,923,normal
20.318789439977003,192.168.1.2,10.0.0.2,TCP,777,normal
354.11084084942837,192.168.1.2,10.0.0.2,TCP,1150,normal
547.714889587938,192.168.1.2,10.0.0.1,TCP,741,normal
417.4162914479298,192.168.1.2,10.0.0.2,TCP,380,normal
55.24726261686863,192.168.1.2,10.0.0.1,TCP,1161,normal
434.9151178679066,192.168.1.1,10.0.0.2,ICMP,1027,normal
213.1572994060279,192.168.1.2,10.0.0.2,UDP,601,normal
314.1553260829508,192.168.1.2,10.0.0.2,ICMP,284,normal
495.84904965386346,192.168.1.2,10.0.0.2,ICMP,656,normal
664.2076976920836,192.168.1.1,10.0.0.2,TCP,1293,normal
160.30900133135128,192.168.1.2,10.0.0.2,ICMP,170,normal
985.064543589571,192.168.1.2,10.0.0.1,UDP,1480,normal
45.147119633825895,192.168.1.1,10.0.0.1,ICMP,1277,normal
616.3950611961798,192.168.1.2,10.0.0.1,TCP,1024,normal
701.5873146657043,192.168.1.1,10.0.0.2,ICMP,749,normal
347.51433613957704,192.168.1.1,10.0.0.2,ICMP,402,normal
890.6103025437246,192.168.1.1,10.0.0.1,UDP,462,normal
331.0443941000327,192.168.1.1,10.0.0.2,TCP,341,normal
628.9004703932683,192.168.1.1,10.0.0.1,TCP,435,normal
367.6834930999533,192.168.1.1,10.0.0.1,ICMP,1199,normal
790.028861975607,192.168.1.1,10.0.0.2,ICMP,834,normal
767.8108977480978,192.168.1.2,10.0.0.1,TCP,868,normal
906.5946436799055,192.168.1.2,10.0.0.2,ICMP,1470,normal
395.5269415572902,192.168.1.2,10.0.0.2,ICMP,1295,normal
26.695502394380675,192.168.1.1,10.0.0.2,UDP,1033,normal
331.04379863544034,192.168.1.1,10.0.0.2,TCP,1397,normal
410.1764004134231,192.168.1.1,10.0.0.1,TCP,1143,normal
502.54078088437745,192.168.1.1,10.0.0.2,TCP,821,normal
867.9716197936149,192.168.1.1,10.0.0.1,TCP,990,normal
75.64431073899758,192.168.1.2,10.0.0.1,ICMP,466,normal
773.1842956082828,192.168.1.1,10.0.0.1,TCP,87,normal
552.6903696151539,192.168.1.1,10.0.0.1,ICMP,854,normal
189.57931602024402,192.168.1.1,10.0.0.1,UDP,222,normal
816.4160343117217,192.168.1.2,10.0.0.1,ICMP,1059,normal
928.8458315253527,192.168.1.2,10.0.0.1,TCP,61,normal
734.6856506541878,192.168.1.2,10.0.0.1,TCP,1431,normal
483.8668759009968,192.168.1.2,10.0.0.2,TCP,1381,normal
782.1261752977066,192.168.1.2,10.0.0.1,UDP,771,normal
500.07657177113305,192.168.1.2,10.0.0.2,TCP,436,normal
690.1777017870965,192.168.1.2,10.0.0.1,TCP,268,normal
863.3038653409155,192.168.1.2,10.0.0.2,TCP,795,normal
565.5066550194196,192.168.1.1,10.0.0.1,UDP,939,normal
148.26702093466548,192.168.1.1,10.0.0.1,UDP,315,normal
339.00829147453226,192.168.1.2,10.0.0.2,ICMP,1099,normal
250.28279419910638,192.168.1.2,10.0.0.1,UDP,257,normal
194.1412179922035,192.168.1.2,10.0.0.1,TCP,830,normal
890.7755873241284,192.168.1.1,10.0.0.2,ICMP,234,normal
814.7333464303697,192.168.1.1,10.0.0.2,TCP,994,normal
546.4803216018972,192.168.1.2,10.0.0.1,ICMP,1459,normal
584.4206572279151,192.168.1.1,10.0.0.1,TCP,939,normal
716.3293491360331,192.168.1.2,10.0.0.1,ICMP,1136,normal
354.9771763175209,192.168.1.2,10.0.0.2,TCP,1266,normal
397.91043633918355,192.168.1.1,10.0.0.1,ICMP,1374,normal
851.7643404866185,192.168.1.1,10.0.0.1,UnknownProtocol,1900,anomaly
815.2803071434608,192.168.1.2,10.0.0.2,UnknownProtocol,2278,anomaly
24.728949700702273,192.168.1.1,10.0.0.1,FakeProtocol,1928,anomaly
462.96741814924803,192.168.1.1,10.0.0.2,UnknownProtocol,2452,anomaly
829.746617436794,192.168.1.2,10.0.0.1,FakeProtocol,1889,anomaly
352.42687972506894,192.168.1.2,10.0.0.2,UnknownProtocol,2994,anomaly
219.67577146802876,192.168.1.2,10.0.0.2,FakeProtocol,1938,anomaly
949.7860601548726,192.168.1.1,10.0.0.1,UnknownProtocol,2484,anomaly
981.7684882867321,192.168.1.1,10.0.0.2,FakeProtocol,2957,anomaly
839.8217774574741,192.168.1.1,10.0.0.1,FakeProtocol,1825,anomaly
928.459585510742,192.168.1.2,10.0.0.2,FakeProtocol,2226,anomaly
691.7252355043549,192.168.1.1,10.0.0.2,UnknownProtocol,2695,anomaly
406.97173190243785,192.168.1.2,10.0.0.2,UnknownProtocol,2150,anomaly
235.329279886344,192.168.1.1,10.0.0.1,UnknownProtocol,1795,anomaly
483.92174520343536,192.168.1.1,10.0.0.2,UnknownProtocol,2296,anomaly
519.6182233844103,192.168.1.2,10.0.0.2,UnknownProtocol,1706,anomaly
692.0790000974933,192.168.1.1,10.0.0.2,FakeProtocol,1630,anomaly
249.78661800680368,192.168.1.1,10.0.0.1,UnknownProtocol,2880,anomaly
639.6839951255291,192.168.1.1,10.0.0.1,FakeProtocol,2973,anomaly
851.805887037781,192.168.1.1,10.0.0.1,UnknownProtocol,1688,anomaly
326.04843547789955,192.168.1.2,10.0.0.1,UnknownProtocol,2197,anomaly
939.0421519131459,192.168.1.1,10.0.0.2,FakeProtocol,2386,anomaly
421.93141219735605,192.168.1.1,10.0.0.2,UnknownProtocol,2354,anomaly
934.7050995574939,192.168.1.2,10.0.0.1,FakeProtocol,1512,anomaly
482.52554753601095,192.168.1.1,10.0.0.1,UnknownProtocol,2632,anomaly
581.9528994441024,192.168.1.1,10.0.0.2,FakeProtocol,2229,anomaly
554.9849301844199,192.168.1.1,10.0.0.2,FakeProtocol,1892,anomaly
747.6344539615535,192.168.1.2,10.0.0.1,FakeProtocol,2319,anomaly
454.6501261971031,192.168.1.2,10.0.0.2,UnknownProtocol,2326,anomaly
396.6652400881168,192.168.1.2,10.0.0.2,UnknownProtocol,2000,anomaly
15.166707333183371,192.168.1.2,10.0.0.1,FakeProtocol,2125,anomaly
246.13791052064593,192.168.1.1,10.0.0.1,FakeProtocol,2384,anomaly
863.2308293237911,192.168.1.2,10.0.0.2,UnknownProtocol,2816,anomaly
519.2812874588284,192.168.1.1,10.0.0.1,FakeProtocol,1617,anomaly
608.576275095437,192.168.1.1,10.0.0.2,FakeProtocol,2348,anomaly
62.99328407308358,192.168.1.1,10.0.0.1,FakeProtocol,1609,anomaly
209.63346933577753,192.168.1.1,10.0.0.2,FakeProtocol,1766,anomaly
55.584627925607144,192.168.1.1,10.0.0.1,UnknownProtocol,2554,anomaly
96.3737883215421,192.168.1.2,10.0.0.2,UnknownProtocol,1544,anomaly
156.19223439893537,192.168.1.1,10.0.0.1,FakeProtocol,2258,anomaly
639.8353159529139,192.168.1.1,10.0.0.1,FakeProtocol,2914,anomaly
343.8732958868024,192.168.1.1,10.0.0.2,FakeProtocol,2426,anomaly
389.951775408637,192.168.1.2,10.0.0.1,UnknownProtocol,2964,anomaly
706.3333806704546,192.168.1.1,10.0.0.1,UnknownProtocol,1652,anomaly
272.9735015360528,192.168.1.1,10.0.0.2,UnknownProtocol,1794,anomaly
368.93910454135937,192.168.1.1,10.0.0.2,UnknownProtocol,1866,anomaly
841.5869678474976,192.168.1.1,10.0.0.1,UnknownProtocol,1743,anomaly
160.36887523496523,192.168.1.2,10.0.0.2,FakeProtocol,2625,anomaly
273.8024163398435,192.168.1.2,10.0.0.1,FakeProtocol,2836,anomaly
541.4517877071416,192.168.1.2,10.0.0.2,UnknownProtocol,1831,anomaly
840.6769840728234,192.168.1.1,10.0.0.2,UnknownProtocol,2851,anomaly
706.8481386682231,192.168.1.1,10.0.0.1,FakeProtocol,1896,anomaly
657.410404469916,192.168.1.1,10.0.0.1,UnknownProtocol,2433,anomaly
935.2083838735701,192.168.1.1,10.0.0.2,UnknownProtocol,2027,anomaly
612.4212086833066,192.168.1.2,10.0.0.1,FakeProtocol,2842,anomaly
776.0761155783019,192.168.1.1,10.0.0.2,FakeProtocol,2637,anomaly
938.594596119152,192.168.1.2,10.0.0.1,FakeProtocol,2496,anomaly
437.736362012374,192.168.1.2,10.0.0.1,FakeProtocol,2124,anomaly
816.2421763962747,192.168.1.1,10.0.0.2,UnknownProtocol,2334,anomaly
581.4380927546293,192.168.1.1,10.0.0.1,FakeProtocol,2133,anomaly
802.0093419537799,192.168.1.1,10.0.0.1,FakeProtocol,2127,anomaly
25.077962178575277,192.168.1.1,10.0.0.1,UnknownProtocol,2432,anomaly
154.00587947033694,192.168.1.2,10.0.0.1,FakeProtocol,2764,anomaly
364.3773674330889,192.168.1.2,10.0.0.1,FakeProtocol,2754,anomaly
939.0042101526521,192.168.1.2,10.0.0.2,UnknownProtocol,2655,anomaly
132.04410992141723,192.168.1.1,10.0.0.1,FakeProtocol,1880,anomaly
665.7950630416682,192.168.1.2,10.0.0.1,FakeProtocol,2931,anomaly
297.5855234631405,192.168.1.1,10.0.0.2,FakeProtocol,2874,anomaly
286.32857945817216,192.168.1.2,10.0.0.2,FakeProtocol,2724,anomaly
264.0100487962078,192.168.1.1,10.0.0.1,UnknownProtocol,2765,anomaly
571.0538149207378,192.168.1.1,10.0.0.2,UnknownProtocol,2260,anomaly
173.4840119840666,192.168.1.2,10.0.0.1,FakeProtocol,2204,anomaly
445.5145537052699,192.168.1.2,10.0.0.1,UnknownProtocol,2019,anomaly
949.322186492108,192.168.1.1,10.0.0.1,UnknownProtocol,2819,anomaly
709.887368606928,192.168.1.1,10.0.0.2,FakeProtocol,2951,anomaly
35.20989718095646,192.168.1.1,10.0.0.2,FakeProtocol,2062,anomaly
768.6428820002742,192.168.1.2,10.0.0.2,UnknownProtocol,1615,anomaly
228.7584266209074,192.168.1.1,10.0.0.1,FakeProtocol,2005,anomaly
440.45133363919354,192.168.1.1,10.0.0.2,FakeProtocol,2288,anomaly
969.7947376200901,192.168.1.2,10.0.0.2,UnknownProtocol,1768,anomaly
723.6388372090828,192.168.1.1,10.0.0.1,FakeProtocol,2047,anomaly
123.57480024214208,192.168.1.1,10.0.0.1,FakeProtocol,1910,anomaly
24.99823571426152,192.168.1.1,10.0.0.2,FakeProtocol,2347,anomaly
413.8155314168653,192.168.1.2,10.0.0.2,FakeProtocol,2912,anomaly
952.0362120914036,192.168.1.2,10.0.0.2,FakeProtocol,2944,anomaly
531.2546003996164,192.168.1.2,10.0.0.2,UnknownProtocol,2563,anomaly
326.36221810468527,192.168.1.2,10.0.0.2,UnknownProtocol,1685,anomaly
562.6781608800172,192.168.1.2,10.0.0.2,FakeProtocol,1888,anomaly
353.601743562742,192.168.1.1,10.0.0.1,FakeProtocol,1819,anomaly
163.14610241786153,192.168.1.1,10.0.0.1,UnknownProtocol,2287,anomaly
416.46478710077326,192.168.1.1,10.0.0.2,FakeProtocol,2158,anomaly
267.76114913724905,192.168.1.1,10.0.0.1,FakeProtocol,2645,anomaly
902.4984521865349,192.168.1.2,10.0.0.1,FakeProtocol,1569,anomaly
651.0792380066806,192.168.1.2,10.0.0.1,FakeProtocol,2931,anomaly
145.72095099836446,192.168.1.2,10.0.0.1,UnknownProtocol,2426,anomaly
147.46307232872525,192.168.1.2,10.0.0.1,UnknownProtocol,1772,anomaly
325.3944259853167,192.168.1.2,10.0.0.1,UnknownProtocol,2951,anomaly
553.0581366304876,192.168.1.2,10.0.0.1,UnknownProtocol,2759,anomaly
941.8620605273975,192.168.1.1,10.0.0.1,UnknownProtocol,1565,anomaly
729.7534042262181,192.168.1.1,10.0.0.2,FakeProtocol,1639,anomaly
