Time,Source,Destination,Protocol,Length,Info
37.454011884736246,172.16.0.3,10.0.0.200,Unknown,4224,anomaly
95.07143064099162,10.0.0.2,192.168.1.100,UDP,1170,normal
73.1993941811405,172.16.0.3,10.0.0.200,ICMP,566,normal
59.86584841970366,172.16.0.3,172.16.0.150,ICMP,618,normal
15.601864044243651,192.168.1.1,192.168.1.100,TCP,895,normal
15.599452033620265,192.168.1.1,10.0.0.200,UDP,1142,normal
5.8083612168199465,172.16.0.3,10.0.0.200,UDP,167,normal
86.61761457749351,192.168.1.1,10.0.0.200,UDP,937,normal
60.11150117432088,10.0.0.2,192.168.1.100,ICMP,1132,normal
70.80725777960456,10.0.0.2,172.16.0.150,UDP,1106,normal
2.0584494295802447,192.168.1.1,10.0.0.200,Unknown,4105,anomaly
96.99098521619943,10.0.0.2,10.0.0.200,TCP,99,normal
83.24426408004217,192.168.1.1,10.0.0.200,ICMP,68,normal
21.233911067827616,172.16.0.3,10.0.0.200,ICMP,775,normal
18.182496720710063,172.16.0.3,10.0.0.200,UDP,246,normal
18.34045098534338,10.0.0.2,172.16.0.150,ICMP,608,normal
30.42422429595377,192.168.1.1,172.16.0.150,TCP,501,normal
52.475643163223786,192.168.1.1,10.0.0.200,UDP,338,normal
43.194501864211574,10.0.0.2,192.168.1.100,TCP,1214,normal
29.122914019804192,172.16.0.3,172.16.0.150,UDP,1157,normal
61.18528947223795,10.0.0.2,192.168.1.100,Unknown,3292,anomaly
13.949386065204184,172.16.0.3,172.16.0.150,UDP,264,normal
29.214464853521815,192.168.1.1,10.0.0.200,UDP,264,normal
36.63618432936917,172.16.0.3,172.16.0.150,TCP,1476,normal
45.606998421703594,10.0.0.2,10.0.0.200,TCP,177,normal
78.51759613930136,192.168.1.1,172.16.0.150,UDP,809,normal
19.967378215835975,10.0.0.2,10.0.0.200,ICMP,453,normal
51.42344384136116,10.0.0.2,10.0.0.200,ICMP,1102,normal
59.24145688620425,172.16.0.3,10.0.0.200,TCP,387,normal
4.645041271999773,10.0.0.2,10.0.0.200,ICMP,880,normal
60.75448519014384,172.16.0.3,192.168.1.100,Unknown,2307,anomaly
17.052412368729154,192.168.1.1,10.0.0.200,ICMP,410,normal
6.505159298527952,172.16.0.3,192.168.1.100,UDP,618,normal
94.88855372533332,192.168.1.1,192.168.1.100,TCP,1465,normal
96.56320330745594,172.16.0.3,10.0.0.200,TCP,267,normal
80.83973481164611,10.0.0.2,192.168.1.100,UDP,251,normal
30.46137691733707,172.16.0.3,172.16.0.150,TCP,66,normal
9.767211400638388,172.16.0.3,10.0.0.200,ICMP,371,normal
68.42330265121569,192.168.1.1,192.168.1.100,ICMP,567,normal
44.01524937396013,10.0.0.2,10.0.0.200,TCP,1398,normal
12.203823484477883,172.16.0.3,10.0.0.200,Unknown,2976,anomaly
49.51769101112702,10.0.0.2,10.0.0.200,TCP,1391,normal
3.4388521115218396,172.16.0.3,192.168.1.100,UDP,730,normal
90.9320402078782,172.16.0.3,172.16.0.150,TCP,1155,normal
25.87799816000169,10.0.0.2,172.16.0.150,UDP,474,normal
66.2522284353982,172.16.0.3,192.168.1.100,ICMP,1277,normal
31.171107608941096,10.0.0.2,10.0.0.200,UDP,1068,normal
52.00680211778108,172.16.0.3,192.168.1.100,ICMP,436,normal
54.67102793432797,192.168.1.1,192.168.1.100,TCP,827,normal
18.485445552552704,10.0.0.2,192.168.1.100,ICMP,147,normal
96.95846277645586,172.16.0.3,10.0.0.200,Unknown,3251,anomaly
77.51328233611146,172.16.0.3,192.168.1.100,TCP,257,normal
93.9498941564189,192.168.1.1,10.0.0.200,UDP,635,normal
89.48273504276489,10.0.0.2,192.168.1.100,UDP,215,normal
59.78999788110851,172.16.0.3,172.16.0.150,UDP,71,normal
92.18742350231169,192.168.1.1,192.168.1.100,UDP,203,normal
8.84925020519195,172.16.0.3,192.168.1.100,ICMP,1368,normal
19.59828624191452,10.0.0.2,172.16.0.150,ICMP,268,normal
4.522728891053807,172.16.0.3,10.0.0.200,ICMP,718,normal
32.53303307632643,172.16.0.3,10.0.0.200,TCP,279,normal
38.8677289689482,172.16.0.3,192.168.1.100,Unknown,3270,anomaly
27.134903177389592,172.16.0.3,172.16.0.150,ICMP,602,normal
82.87375091519293,192.168.1.1,10.0.0.200,ICMP,999,normal
35.67533266935893,192.168.1.1,192.168.1.100,UDP,197,normal
28.093450968738075,10.0.0.2,172.16.0.150,ICMP,1181,normal
54.26960831582485,192.168.1.1,10.0.0.200,TCP,452,normal
14.092422497476264,192.168.1.1,10.0.0.200,UDP,645,normal
80.21969807540397,10.0.0.2,172.16.0.150,TCP,416,normal
7.455064367977082,192.168.1.1,172.16.0.150,ICMP,1487,normal
98.68869366005173,192.168.1.1,172.16.0.150,UDP,1382,normal
77.22447692966574,10.0.0.2,172.16.0.150,Unknown,4747,anomaly
19.87156815341724,10.0.0.2,192.168.1.100,ICMP,967,normal
0.5522117123602399,10.0.0.2,172.16.0.150,TCP,1207,normal
81.54614284548342,172.16.0.3,10.0.0.200,TCP,1356,normal
70.68573438476172,172.16.0.3,10.0.0.200,TCP,122,normal
72.90071680409874,10.0.0.2,192.168.1.100,ICMP,530,normal
77.12703466859458,10.0.0.2,10.0.0.200,ICMP,1425,normal
7.4044651734090365,10.0.0.2,10.0.0.200,TCP,609,normal
35.84657285442726,172.16.0.3,172.16.0.150,UDP,1399,normal
11.586905952512971,172.16.0.3,10.0.0.200,UDP,794,normal
86.31034258755935,192.168.1.1,192.168.1.100,Unknown,3517,anomaly
62.329812682755794,192.168.1.1,172.16.0.150,ICMP,1132,normal
33.08980248526492,10.0.0.2,172.16.0.150,ICMP,557,normal
6.355835028602364,172.16.0.3,192.168.1.100,ICMP,307,normal
31.09823217156622,172.16.0.3,172.16.0.150,ICMP,462,normal
32.518332202674706,172.16.0.3,172.16.0.150,UDP,1138,normal
72.96061783380641,10.0.0.2,192.168.1.100,ICMP,644,normal
63.75574713552131,192.168.1.1,172.16.0.150,TCP,1227,normal
88.72127425763266,10.0.0.2,192.168.1.100,TCP,315,normal
47.22149251619493,192.168.1.1,192.168.1.100,UDP,870,normal
11.959424593830171,192.168.1.1,10.0.0.200,Unknown,4130,anomaly
71.3244787222995,10.0.0.2,10.0.0.200,UDP,1388,normal
76.07850486168974,192.168.1.1,172.16.0.150,UDP,711,normal
56.127719756949624,192.168.1.1,172.16.0.150,TCP,996,normal
77.0967179954561,172.16.0.3,192.168.1.100,ICMP,609,normal
49.379559636439076,192.168.1.1,172.16.0.150,TCP,966,normal
52.27328293819941,10.0.0.2,192.168.1.100,TCP,940,normal
42.75410183585496,10.0.0.2,192.168.1.100,UDP,1321,normal
2.541912674409519,192.168.1.1,172.16.0.150,TCP,917,normal
10.789142699330444,172.16.0.3,192.168.1.100,UDP,659,normal
3.142918568673425,172.16.0.3,10.0.0.200,Unknown,3209,anomaly
63.64104112637804,192.168.1.1,172.16.0.150,ICMP,74,normal
31.435598107632668,192.168.1.1,10.0.0.200,ICMP,333,normal
50.85706911647028,10.0.0.2,172.16.0.150,TCP,930,normal
90.7566473926093,192.168.1.1,192.168.1.100,UDP,350,normal
24.929222914887493,172.16.0.3,172.16.0.150,ICMP,1141,normal
41.038292303562976,192.168.1.1,10.0.0.200,UDP,1080,normal
75.55511385430486,10.0.0.2,192.168.1.100,UDP,866,normal
22.879816549162246,10.0.0.2,172.16.0.150,ICMP,1210,normal
7.697990982879299,10.0.0.2,172.16.0.150,ICMP,1237,normal
28.9751452913768,10.0.0.2,172.16.0.150,Unknown,4299,anomaly
16.122128725400444,10.0.0.2,10.0.0.200,ICMP,1493,normal
92.96976523425731,192.168.1.1,10.0.0.200,UDP,1146,normal
80.8120379564417,192.168.1.1,172.16.0.150,UDP,1310,normal
63.34037565104234,192.168.1.1,192.168.1.100,ICMP,95,normal
87.14605901877177,192.168.1.1,192.168.1.100,TCP,667,normal
80.36720768991145,10.0.0.2,10.0.0.200,ICMP,977,normal
18.657005888603585,172.16.0.3,192.168.1.100,TCP,311,normal
89.25589984899777,192.168.1.1,10.0.0.200,UDP,225,normal
53.93422419156507,172.16.0.3,172.16.0.150,UDP,1239,normal
80.74401551640625,192.168.1.1,10.0.0.200,Unknown,3378,anomaly
89.60912999234932,192.168.1.1,10.0.0.200,UDP,891,normal
31.800347497186387,172.16.0.3,172.16.0.150,TCP,419,normal
11.005192452767677,10.0.0.2,192.168.1.100,TCP,103,normal
22.793516254194166,192.168.1.1,10.0.0.200,UDP,739,normal
42.71077886262563,192.168.1.1,10.0.0.200,TCP,1492,normal
81.80147659224932,192.168.1.1,172.16.0.150,ICMP,1414,normal
86.07305832563435,172.16.0.3,192.168.1.100,ICMP,1200,normal
0.6952130531190703,10.0.0.2,10.0.0.200,UDP,1482,normal
51.07473025775657,172.16.0.3,172.16.0.150,UDP,416,normal
41.7411003148779,172.16.0.3,10.0.0.200,Unknown,3773,anomaly
22.210781047073024,10.0.0.2,172.16.0.150,TCP,693,normal
11.98653673336828,172.16.0.3,192.168.1.100,TCP,428,normal
33.7615171403628,10.0.0.2,192.168.1.100,TCP,122,normal
94.29097039125192,192.168.1.1,192.168.1.100,ICMP,964,normal
32.320293202075526,10.0.0.2,192.168.1.100,ICMP,1321,normal
51.87906217433661,192.168.1.1,10.0.0.200,UDP,909,normal
70.30189588951778,172.16.0.3,10.0.0.200,TCP,92,normal
36.3629602379294,172.16.0.3,192.168.1.100,TCP,426,normal
97.17820827209607,192.168.1.1,192.168.1.100,UDP,1114,normal
96.24472949421113,172.16.0.3,192.168.1.100,Unknown,3719,anomaly
25.178229582536417,10.0.0.2,10.0.0.200,TCP,261,normal
49.72485058923854,192.168.1.1,192.168.1.100,TCP,88,normal
30.087830981676966,172.16.0.3,192.168.1.100,TCP,418,normal
28.484049437746762,192.168.1.1,192.168.1.100,TCP,806,normal
3.6886947354532795,10.0.0.2,172.16.0.150,UDP,200,normal
60.956433397989684,10.0.0.2,192.168.1.100,TCP,1184,normal
50.26790232288615,172.16.0.3,172.16.0.150,UDP,1120,normal
5.147875124998935,10.0.0.2,172.16.0.150,TCP,1073,normal
27.864646423661142,192.168.1.1,192.168.1.100,ICMP,786,normal
90.82658859666537,10.0.0.2,172.16.0.150,Unknown,4042,anomaly
23.95618906669724,192.168.1.1,192.168.1.100,ICMP,118,normal
14.48948720912231,192.168.1.1,10.0.0.200,ICMP,348,normal
48.9452760277563,10.0.0.2,10.0.0.200,UDP,993,normal
98.56504541106007,172.16.0.3,10.0.0.200,UDP,851,normal
24.20552715115004,10.0.0.2,10.0.0.200,TCP,345,normal
67.21355474058785,192.168.1.1,172.16.0.150,ICMP,252,normal
76.16196153287176,192.168.1.1,192.168.1.100,UDP,110,normal
23.763754399239968,10.0.0.2,192.168.1.100,TCP,995,normal
72.82163486118596,172.16.0.3,192.168.1.100,TCP,1012,normal
36.77831327192532,172.16.0.3,10.0.0.200,Unknown,2795,anomaly
63.23058305935795,192.168.1.1,10.0.0.200,ICMP,1234,normal
63.35297107608947,192.168.1.1,192.168.1.100,TCP,380,normal
53.57746840747585,172.16.0.3,10.0.0.200,ICMP,387,normal
9.02897700544083,10.0.0.2,192.168.1.100,ICMP,1377,normal
83.5302495589238,192.168.1.1,192.168.1.100,ICMP,1411,normal
32.07800649717358,192.168.1.1,192.168.1.100,TCP,688,normal
18.651851039985424,172.16.0.3,192.168.1.100,ICMP,324,normal
4.077514155476392,10.0.0.2,192.168.1.100,TCP,1237,normal
59.08929431882418,172.16.0.3,192.168.1.100,ICMP,368,normal
67.75643618422824,10.0.0.2,192.168.1.100,Unknown,2896,anomaly
1.6587828927856152,10.0.0.2,10.0.0.200,ICMP,553,normal
51.2093058299281,10.0.0.2,192.168.1.100,UDP,436,normal
22.649577519793795,192.168.1.1,192.168.1.100,ICMP,919,normal
64.51727904094498,172.16.0.3,10.0.0.200,ICMP,882,normal
17.436642900499145,172.16.0.3,10.0.0.200,TCP,1064,normal
69.09377381024659,10.0.0.2,10.0.0.200,TCP,652,normal
38.67353463005374,192.168.1.1,192.168.1.100,ICMP,740,normal
93.67299887367345,192.168.1.1,172.16.0.150,UDP,543,normal
13.752094414599325,172.16.0.3,172.16.0.150,UDP,539,normal
34.10663510502585,192.168.1.1,10.0.0.200,Unknown,3961,anomaly
11.347352124058908,192.168.1.1,172.16.0.150,UDP,1146,normal
92.46936182785628,10.0.0.2,10.0.0.200,ICMP,558,normal
87.7339353380981,192.168.1.1,192.168.1.100,TCP,439,normal
25.79416277151556,10.0.0.2,172.16.0.150,ICMP,344,normal
65.99840460341791,172.16.0.3,192.168.1.100,TCP,1442,normal
81.72222002012158,192.168.1.1,172.16.0.150,TCP,845,normal
55.52008115994623,172.16.0.3,192.168.1.100,TCP,914,normal
52.965057835600646,172.16.0.3,172.16.0.150,TCP,598,normal
24.18522909004517,192.168.1.1,192.168.1.100,UDP,698,normal
9.310276780589922,192.168.1.1,192.168.1.100,Unknown,2209,anomaly
89.72157579533267,172.16.0.3,172.16.0.150,ICMP,1260,normal
90.04180571633304,192.168.1.1,192.168.1.100,ICMP,902,normal
63.31014572732679,10.0.0.2,192.168.1.100,TCP,819,normal
33.90297910487007,10.0.0.2,192.168.1.100,UDP,494,normal
34.92095746126609,192.168.1.1,172.16.0.150,ICMP,412,normal
72.59556788702393,172.16.0.3,172.16.0.150,UDP,172,normal
89.71102599525771,192.168.1.1,192.168.1.100,TCP,1261,normal
88.70864242651173,192.168.1.1,192.168.1.100,ICMP,791,normal
77.98755458576238,172.16.0.3,172.16.0.150,UDP,729,normal
64.20316461542878,172.16.0.3,172.16.0.150,Unknown,4863,anomaly
8.413996499504883,10.0.0.2,192.168.1.100,UDP,1325,normal
16.162871409461378,172.16.0.3,192.168.1.100,ICMP,1408,normal
89.85541885270793,10.0.0.2,192.168.1.100,ICMP,141,normal
60.642905965958995,172.16.0.3,10.0.0.200,TCP,112,normal
0.9197051616629648,192.168.1.1,172.16.0.150,TCP,561,normal
10.147154286603211,10.0.0.2,10.0.0.200,TCP,1212,normal
66.35017691080559,10.0.0.2,172.16.0.150,UDP,1258,normal
0.5061583846218687,10.0.0.2,172.16.0.150,UDP,1278,normal
16.080805141749867,192.168.1.1,172.16.0.150,UDP,821,normal
54.87337893665861,192.168.1.1,172.16.0.150,Unknown,4656,anomaly
69.18951976926932,192.168.1.1,172.16.0.150,ICMP,305,normal
65.19612595026005,192.168.1.1,172.16.0.150,ICMP,184,normal
22.42693094605598,192.168.1.1,172.16.0.150,UDP,924,normal
71.2179221347536,10.0.0.2,10.0.0.200,UDP,871,normal
23.724908749680008,192.168.1.1,192.168.1.100,ICMP,137,normal
32.539969815926774,10.0.0.2,192.168.1.100,ICMP,1037,normal
74.64914051180241,192.168.1.1,10.0.0.200,UDP,1280,normal
64.96328990472146,172.16.0.3,10.0.0.200,UDP,1202,normal
84.9223410494178,10.0.0.2,10.0.0.200,ICMP,872,normal
65.76128923003434,172.16.0.3,10.0.0.200,Unknown,4494,anomaly
56.830860333547164,10.0.0.2,172.16.0.150,UDP,1023,normal
9.367476782809248,172.16.0.3,192.168.1.100,ICMP,983,normal
36.77158030594335,192.168.1.1,172.16.0.150,ICMP,170,normal
26.520236768172545,192.168.1.1,192.168.1.100,ICMP,1458,normal
24.398964337908357,192.168.1.1,192.168.1.100,ICMP,1111,normal
97.30105547524455,10.0.0.2,10.0.0.200,TCP,1414,normal
39.30977246667604,172.16.0.3,172.16.0.150,ICMP,1057,normal
89.20465551771133,192.168.1.1,10.0.0.200,UDP,974,normal
63.11386259972629,172.16.0.3,172.16.0.150,TCP,694,normal
79.48113035416485,172.16.0.3,192.168.1.100,Unknown,4507,anomaly
50.26370931051921,192.168.1.1,10.0.0.200,TCP,909,normal
57.69038846263591,192.168.1.1,10.0.0.200,UDP,70,normal
49.25176938188639,172.16.0.3,192.168.1.100,ICMP,291,normal
19.52429877980445,192.168.1.1,192.168.1.100,UDP,504,normal
72.24521152615053,192.168.1.1,192.168.1.100,ICMP,1012,normal
28.07723624408558,192.168.1.1,10.0.0.200,ICMP,670,normal
2.431596643145384,10.0.0.2,172.16.0.150,ICMP,352,normal
64.54722959071678,172.16.0.3,10.0.0.200,ICMP,852,normal
17.711067940704893,172.16.0.3,172.16.0.150,ICMP,1013,normal
94.04585843529144,10.0.0.2,10.0.0.200,Unknown,2967,anomaly
95.39285770025873,172.16.0.3,10.0.0.200,ICMP,1202,normal
91.48643902204485,192.168.1.1,192.168.1.100,ICMP,245,normal
37.01587002554444,172.16.0.3,172.16.0.150,TCP,189,normal
1.5456616528867428,192.168.1.1,10.0.0.200,TCP,332,normal
92.83185625877253,10.0.0.2,10.0.0.200,TCP,361,normal
42.81841483173143,192.168.1.1,192.168.1.100,TCP,795,normal
96.66548190436696,172.16.0.3,192.168.1.100,TCP,326,normal
96.36199770892529,172.16.0.3,172.16.0.150,TCP,110,normal
85.300945546736,172.16.0.3,10.0.0.200,ICMP,1392,normal
29.444889206958567,10.0.0.2,172.16.0.150,Unknown,2471,anomaly
38.50977286019253,10.0.0.2,10.0.0.200,UDP,202,normal
85.11366715168569,172.16.0.3,172.16.0.150,ICMP,1384,normal
31.692200515627768,192.168.1.1,192.168.1.100,ICMP,593,normal
16.94927466860925,10.0.0.2,10.0.0.200,TCP,616,normal
55.68012624583501,172.16.0.3,172.16.0.150,TCP,1462,normal
93.6154774160781,172.16.0.3,192.168.1.100,ICMP,671,normal
69.6029796674973,10.0.0.2,192.168.1.100,UDP,1250,normal
57.0061170089365,10.0.0.2,172.16.0.150,TCP,1435,normal
9.717649377076853,10.0.0.2,10.0.0.200,ICMP,363,normal
61.500722669916975,192.168.1.1,10.0.0.200,Unknown,4417,anomaly
99.00538501042632,192.168.1.1,192.168.1.100,UDP,897,normal
14.008401523652402,172.16.0.3,10.0.0.200,UDP,146,normal
51.832965236373674,10.0.0.2,10.0.0.200,TCP,930,normal
87.73730719279554,192.168.1.1,10.0.0.200,UDP,1286,normal
74.07686177542044,10.0.0.2,192.168.1.100,ICMP,878,normal
69.7015740995268,172.16.0.3,172.16.0.150,ICMP,186,normal
70.24840839871092,192.168.1.1,10.0.0.200,UDP,1079,normal
35.94911512197552,192.168.1.1,192.168.1.100,UDP,1060,normal
29.359184426449335,192.168.1.1,192.168.1.100,UDP,158,normal
80.93611554785136,172.16.0.3,172.16.0.150,Unknown,4947,anomaly
81.01133946791808,10.0.0.2,10.0.0.200,TCP,1112,normal
86.70723185801037,192.168.1.1,10.0.0.200,UDP,711,normal
91.32405525564712,172.16.0.3,172.16.0.150,TCP,474,normal
51.13423988609378,10.0.0.2,172.16.0.150,ICMP,679,normal
50.15162946871996,172.16.0.3,192.168.1.100,UDP,310,normal
79.82951789667752,10.0.0.2,192.168.1.100,TCP,1499,normal
64.99639307777652,172.16.0.3,172.16.0.150,UDP,136,normal
70.19668772577033,10.0.0.2,10.0.0.200,ICMP,514,normal
79.57926694361011,192.168.1.1,192.168.1.100,ICMP,125,normal
89.00053418175663,10.0.0.2,192.168.1.100,Unknown,2922,anomaly
33.79951568515358,172.16.0.3,10.0.0.200,UDP,463,normal
37.5582952639944,172.16.0.3,192.168.1.100,UDP,874,normal
9.3981939840869,10.0.0.2,10.0.0.200,TCP,944,normal
57.8280140996174,192.168.1.1,10.0.0.200,ICMP,775,normal
3.5942273796742086,192.168.1.1,10.0.0.200,UDP,506,normal
46.55980181324602,10.0.0.2,172.16.0.150,ICMP,1358,normal
54.26446347075766,10.0.0.2,172.16.0.150,ICMP,1312,normal
28.65412521282844,172.16.0.3,172.16.0.150,TCP,702,normal
59.08332605690107,192.168.1.1,10.0.0.200,TCP,721,normal
3.050024993904943,10.0.0.2,10.0.0.200,Unknown,2136,anomaly
3.7348188749214417,192.168.1.1,172.16.0.150,TCP,544,normal
82.26005606596583,10.0.0.2,192.168.1.100,ICMP,1118,normal
36.019064141126286,10.0.0.2,10.0.0.200,TCP,1474,normal
12.706051265188478,192.168.1.1,192.168.1.100,TCP,1320,normal
52.224326005480435,10.0.0.2,192.168.1.100,TCP,646,normal
76.99935530986109,10.0.0.2,10.0.0.200,TCP,499,normal
21.582102749684317,172.16.0.3,10.0.0.200,ICMP,534,normal
62.28904758190003,10.0.0.2,192.168.1.100,TCP,695,normal
8.5347464993768,10.0.0.2,192.168.1.100,ICMP,669,normal
5.16817211686077,10.0.0.2,172.16.0.150,Unknown,2366,anomaly
53.1354631568148,172.16.0.3,172.16.0.150,ICMP,711,normal
54.06351216101065,192.168.1.1,10.0.0.200,ICMP,807,normal
63.742990149820656,172.16.0.3,172.16.0.150,TCP,338,normal
72.60913337226616,172.16.0.3,172.16.0.150,UDP,1487,normal
97.58520794625346,192.168.1.1,172.16.0.150,UDP,770,normal
51.630034830119534,172.16.0.3,172.16.0.150,UDP,687,normal
32.2956472941246,192.168.1.1,192.168.1.100,UDP,284,normal
79.51861947687037,172.16.0.3,10.0.0.200,ICMP,465,normal
27.083225126207424,192.168.1.1,172.16.0.150,UDP,987,normal
43.89714207056361,10.0.0.2,192.168.1.100,Unknown,4959,anomaly
7.845638134226595,172.16.0.3,192.168.1.100,ICMP,1023,normal
2.535074341545751,172.16.0.3,192.168.1.100,ICMP,683,normal
96.26484146779251,172.16.0.3,172.16.0.150,UDP,1069,normal
83.59801205122058,172.16.0.3,172.16.0.150,TCP,164,normal
69.59742060936979,10.0.0.2,10.0.0.200,TCP,981,normal
40.89529444142699,172.16.0.3,172.16.0.150,UDP,723,normal
17.329432007084577,10.0.0.2,172.16.0.150,TCP,1307,normal
15.643704267108605,10.0.0.2,192.168.1.100,TCP,1084,normal
25.024289816459532,10.0.0.2,10.0.0.200,ICMP,255,normal
54.92266647061205,10.0.0.2,172.16.0.150,Unknown,2183,anomaly
71.45959227000624,192.168.1.1,172.16.0.150,UDP,807,normal
66.01973767177313,192.168.1.1,192.168.1.100,UDP,1200,normal
27.993389694594285,172.16.0.3,192.168.1.100,TCP,196,normal
95.48652806631941,192.168.1.1,172.16.0.150,ICMP,167,normal
73.78969166957685,192.168.1.1,10.0.0.200,UDP,1455,normal
55.43540525114007,172.16.0.3,10.0.0.200,UDP,461,normal
61.17207462343522,172.16.0.3,192.168.1.100,UDP,412,normal
41.96000624277899,172.16.0.3,192.168.1.100,UDP,186,normal
24.773098950115745,192.168.1.1,172.16.0.150,UDP,1248,normal
35.597267865126156,192.168.1.1,192.168.1.100,Unknown,4519,anomaly
75.78461104643691,172.16.0.3,172.16.0.150,TCP,1007,normal
1.4393488629755868,10.0.0.2,10.0.0.200,ICMP,68,normal
11.607264050691624,172.16.0.3,10.0.0.200,ICMP,244,normal
4.600264202175275,10.0.0.2,172.16.0.150,UDP,379,normal
4.072880231897013,10.0.0.2,192.168.1.100,ICMP,224,normal
85.54605840110072,172.16.0.3,10.0.0.200,ICMP,1051,normal
70.36578593800236,172.16.0.3,192.168.1.100,ICMP,498,normal
47.41738290873252,172.16.0.3,10.0.0.200,UDP,995,normal
9.783416065100148,192.168.1.1,172.16.0.150,UDP,1427,normal
49.16158751168324,10.0.0.2,172.16.0.150,Unknown,3398,anomaly
47.34717707805657,192.168.1.1,172.16.0.150,ICMP,807,normal
17.320186991001517,192.168.1.1,10.0.0.200,UDP,979,normal
43.385164923797305,172.16.0.3,192.168.1.100,TCP,142,normal
39.85047343973734,192.168.1.1,192.168.1.100,ICMP,288,normal
61.585009805221645,172.16.0.3,192.168.1.100,TCP,254,normal
63.50936508676438,10.0.0.2,10.0.0.200,ICMP,609,normal
4.530400977204452,172.16.0.3,10.0.0.200,TCP,294,normal
37.46126146264712,192.168.1.1,10.0.0.200,TCP,881,normal
62.58599157142364,192.168.1.1,10.0.0.200,TCP,1390,normal
50.31362585800877,172.16.0.3,10.0.0.200,Unknown,4701,anomaly
85.64898411883223,172.16.0.3,192.168.1.100,TCP,344,normal
65.8693631618945,192.168.1.1,10.0.0.200,TCP,689,normal
16.29344270814297,10.0.0.2,10.0.0.200,TCP,905,normal
7.056874740042984,10.0.0.2,192.168.1.100,ICMP,1355,normal
64.24192782063156,172.16.0.3,10.0.0.200,TCP,66,normal
2.6511310541621813,10.0.0.2,192.168.1.100,ICMP,120,normal
58.57755812734633,192.168.1.1,192.168.1.100,TCP,1342,normal
94.02302414249576,172.16.0.3,172.16.0.150,TCP,1398,normal
57.5474177875879,192.168.1.1,172.16.0.150,UDP,354,normal
38.816992620652194,192.168.1.1,172.16.0.150,Unknown,4796,anomaly
64.32882184423532,10.0.0.2,172.16.0.150,TCP,1387,normal
45.825289049151664,172.16.0.3,10.0.0.200,ICMP,866,normal
54.56167893159349,172.16.0.3,172.16.0.150,ICMP,1176,normal
94.14648087765252,10.0.0.2,192.168.1.100,UDP,870,normal
38.610263780077425,192.168.1.1,10.0.0.200,UDP,242,normal
96.11905638239142,192.168.1.1,172.16.0.150,UDP,578,normal
90.53506419560637,192.168.1.1,192.168.1.100,UDP,220,normal
19.579113478929642,192.168.1.1,10.0.0.200,UDP,300,normal
6.9361300875165455,172.16.0.3,10.0.0.200,UDP,1460,normal
10.077800137742665,172.16.0.3,172.16.0.150,Unknown,2536,anomaly
1.8221825651549728,10.0.0.2,10.0.0.200,UDP,590,normal
9.44429607559284,10.0.0.2,192.168.1.100,TCP,465,normal
68.30067734163569,172.16.0.3,10.0.0.200,ICMP,843,normal
7.118864846022898,172.16.0.3,192.168.1.100,UDP,1453,normal
31.89756302937613,192.168.1.1,10.0.0.200,UDP,1217,normal
84.48753109694546,192.168.1.1,172.16.0.150,ICMP,74,normal
2.3271935735825866,10.0.0.2,192.168.1.100,TCP,717,normal
81.44684825889358,172.16.0.3,10.0.0.200,ICMP,1146,normal
28.185477477339994,10.0.0.2,10.0.0.200,ICMP,681,normal
11.816482762165625,172.16.0.3,10.0.0.200,Unknown,4849,anomaly
69.67371653641507,192.168.1.1,192.168.1.100,ICMP,554,normal
62.8942846779884,10.0.0.2,192.168.1.100,ICMP,385,normal
87.74720135270529,10.0.0.2,192.168.1.100,UDP,474,normal
73.50710438038858,172.16.0.3,172.16.0.150,UDP,548,normal
80.34809303848486,192.168.1.1,172.16.0.150,UDP,1437,normal
28.203457257130648,10.0.0.2,192.168.1.100,UDP,996,normal
17.743954377972283,192.168.1.1,10.0.0.200,ICMP,679,normal
75.06147516408583,10.0.0.2,172.16.0.150,ICMP,1272,normal
80.6834739267264,192.168.1.1,192.168.1.100,TCP,767,normal
99.05051420006733,172.16.0.3,10.0.0.200,Unknown,3602,anomaly
41.26176769114265,10.0.0.2,172.16.0.150,ICMP,388,normal
37.201808579278314,10.0.0.2,10.0.0.200,TCP,708,normal
77.64129607419969,192.168.1.1,10.0.0.200,ICMP,1011,normal
34.08035402530179,192.168.1.1,10.0.0.200,TCP,478,normal
93.07573256035647,10.0.0.2,10.0.0.200,UDP,948,normal
85.84127518430118,172.16.0.3,172.16.0.150,TCP,188,normal
42.89940273750184,192.168.1.1,172.16.0.150,UDP,991,normal
75.08710677914974,192.168.1.1,172.16.0.150,UDP,591,normal
75.45428740846823,192.168.1.1,192.168.1.100,UDP,106,normal
10.31238688359326,10.0.0.2,172.16.0.150,Unknown,3273,anomaly
90.25529066795667,10.0.0.2,10.0.0.200,TCP,707,normal
50.525237244785714,10.0.0.2,172.16.0.150,ICMP,484,normal
82.64574661077417,10.0.0.2,10.0.0.200,UDP,433,normal
32.00496010306117,172.16.0.3,192.168.1.100,TCP,609,normal
89.55232284962005,172.16.0.3,10.0.0.200,UDP,243,normal
38.92016787341631,10.0.0.2,10.0.0.200,TCP,583,normal
1.083765148029836,172.16.0.3,10.0.0.200,TCP,567,normal
90.53819764192636,192.168.1.1,192.168.1.100,TCP,765,normal
9.128667678613356,192.168.1.1,172.16.0.150,ICMP,800,normal
31.93136375904149,192.168.1.1,172.16.0.150,Unknown,4967,anomaly
95.0061967050805,10.0.0.2,192.168.1.100,TCP,341,normal
95.06071469375561,192.168.1.1,10.0.0.200,ICMP,1408,normal
57.34378881232861,172.16.0.3,172.16.0.150,ICMP,781,normal
63.183721216979926,10.0.0.2,192.168.1.100,TCP,165,normal
44.84455219783198,172.16.0.3,172.16.0.150,ICMP,874,normal
29.321077169806454,192.168.1.1,192.168.1.100,UDP,1122,normal
32.8664545369916,192.168.1.1,10.0.0.200,UDP,734,normal
67.25184560770384,192.168.1.1,172.16.0.150,ICMP,131,normal
75.237452943768,10.0.0.2,192.168.1.100,ICMP,883,normal
79.15790437258485,172.16.0.3,172.16.0.150,Unknown,4557,anomaly
78.96181427945538,10.0.0.2,172.16.0.150,ICMP,606,normal
9.120610304869036,10.0.0.2,172.16.0.150,TCP,384,normal
49.442030470258146,192.168.1.1,172.16.0.150,UDP,581,normal
5.755876001664428,10.0.0.2,192.168.1.100,ICMP,270,normal
54.95288823237355,10.0.0.2,10.0.0.200,TCP,684,normal
44.1530501373377,192.168.1.1,192.168.1.100,TCP,372,normal
88.77041827582998,10.0.0.2,192.168.1.100,UDP,52,normal
35.09150125520787,192.168.1.1,192.168.1.100,ICMP,255,normal
11.706701642760587,192.168.1.1,10.0.0.200,UDP,89,normal
14.299168205283586,192.168.1.1,172.16.0.150,Unknown,4677,anomaly
76.15106317174723,192.168.1.1,172.16.0.150,TCP,1000,normal
61.82180633162611,10.0.0.2,172.16.0.150,ICMP,623,normal
10.112267612279025,192.168.1.1,10.0.0.200,TCP,693,normal
8.410680611499743,192.168.1.1,172.16.0.150,ICMP,892,normal
70.096913145912,10.0.0.2,10.0.0.200,UDP,1195,normal
7.276300636419353,10.0.0.2,172.16.0.150,ICMP,668,normal
82.18600592903562,172.16.0.3,172.16.0.150,ICMP,145,normal
70.62422271564962,10.0.0.2,192.168.1.100,TCP,1487,normal
8.134878064189976,10.0.0.2,10.0.0.200,TCP,1308,normal
8.483771408519193,172.16.0.3,192.168.1.100,Unknown,3096,anomaly
98.66395785011754,10.0.0.2,192.168.1.100,TCP,1135,normal
37.427079575612034,10.0.0.2,192.168.1.100,TCP,1329,normal
37.06421470668909,10.0.0.2,10.0.0.200,TCP,610,normal
81.27995672575025,10.0.0.2,10.0.0.200,ICMP,954,normal
94.72485773838586,172.16.0.3,172.16.0.150,TCP,397,normal
98.6001063822871,10.0.0.2,192.168.1.100,ICMP,720,normal
75.33781852589416,10.0.0.2,172.16.0.150,TCP,1197,normal
37.62595855309158,172.16.0.3,192.168.1.100,UDP,366,normal
8.350071669866876,192.168.1.1,10.0.0.200,TCP,768,normal
77.71469159274368,172.16.0.3,10.0.0.200,Unknown,3305,anomaly
55.840424973580504,192.168.1.1,10.0.0.200,ICMP,1482,normal
42.42220092469763,172.16.0.3,192.168.1.100,ICMP,1209,normal
90.6354385094736,172.16.0.3,10.0.0.200,TCP,1274,normal
11.119748230615134,10.0.0.2,192.168.1.100,UDP,299,normal
49.262510429085914,192.168.1.1,172.16.0.150,TCP,363,normal
1.1353644767419069,10.0.0.2,192.168.1.100,TCP,1441,normal
46.86606419941263,192.168.1.1,172.16.0.150,UDP,856,normal
5.630327568183735,172.16.0.3,192.168.1.100,ICMP,1387,normal
11.881791626807193,172.16.0.3,172.16.0.150,TCP,1428,normal
11.752624677710488,192.168.1.1,10.0.0.200,Unknown,2915,anomaly
64.92103021160635,10.0.0.2,172.16.0.150,ICMP,1284,normal
74.60448792654233,10.0.0.2,10.0.0.200,UDP,93,normal
58.336876509715964,10.0.0.2,10.0.0.200,UDP,620,normal
96.21725484745419,10.0.0.2,172.16.0.150,ICMP,632,normal
37.48705795237041,172.16.0.3,192.168.1.100,TCP,1165,normal
28.571208628186074,172.16.0.3,192.168.1.100,ICMP,1338,normal
86.85991281894603,172.16.0.3,192.168.1.100,TCP,944,normal
22.359583851945263,172.16.0.3,192.168.1.100,TCP,269,normal
96.32225394406113,172.16.0.3,192.168.1.100,UDP,974,normal
1.2154474689816341,10.0.0.2,10.0.0.200,Unknown,2151,anomaly
96.98788267076391,10.0.0.2,192.168.1.100,TCP,1473,normal
4.315991195057611,10.0.0.2,10.0.0.200,ICMP,776,normal
89.11431136980711,10.0.0.2,10.0.0.200,UDP,1040,normal
52.77011090862999,172.16.0.3,10.0.0.200,TCP,948,normal
99.29647961193004,172.16.0.3,172.16.0.150,TCP,907,normal
7.379656473539886,172.16.0.3,172.16.0.150,UDP,853,normal
55.38542844013208,192.168.1.1,10.0.0.200,ICMP,539,normal
96.9302535619099,10.0.0.2,172.16.0.150,UDP,987,normal
52.30978441701488,10.0.0.2,192.168.1.100,UDP,893,normal
62.93986381352625,172.16.0.3,192.168.1.100,Unknown,3028,anomaly
69.57486889846172,10.0.0.2,10.0.0.200,TCP,316,normal
45.454106476777326,10.0.0.2,192.168.1.100,ICMP,103,normal
62.75580800840635,172.16.0.3,10.0.0.200,TCP,577,normal
58.43143119231002,192.168.1.1,10.0.0.200,TCP,665,normal
90.11580104909889,192.168.1.1,192.168.1.100,UDP,1132,normal
4.5446380341457875,192.168.1.1,172.16.0.150,TCP,1113,normal
28.096318959223034,172.16.0.3,192.168.1.100,ICMP,1310,normal
95.04114840765587,10.0.0.2,192.168.1.100,UDP,1004,normal
89.02637838909163,172.16.0.3,10.0.0.200,ICMP,435,normal
45.56567527857129,172.16.0.3,10.0.0.200,Unknown,3218,anomaly
62.013259780153675,10.0.0.2,10.0.0.200,TCP,765,normal
27.738118298113267,192.168.1.1,10.0.0.200,UDP,699,normal
18.81211597237613,192.168.1.1,172.16.0.150,UDP,349,normal
46.36984049399822,172.16.0.3,172.16.0.150,TCP,444,normal
35.33522280260528,192.168.1.1,172.16.0.150,TCP,1280,normal
58.365611185087204,172.16.0.3,10.0.0.200,ICMP,1409,normal
7.773463696498483,172.16.0.3,10.0.0.200,ICMP,642,normal
97.43948076661665,10.0.0.2,10.0.0.200,TCP,563,normal
98.62107444796028,10.0.0.2,172.16.0.150,TCP,1251,normal
69.81617140197451,10.0.0.2,10.0.0.200,Unknown,3977,anomaly
53.60963663441204,172.16.0.3,192.168.1.100,UDP,420,normal
30.952761628632775,10.0.0.2,192.168.1.100,UDP,907,normal
81.37950197069486,192.168.1.1,10.0.0.200,UDP,840,normal
68.47311725538793,192.168.1.1,192.168.1.100,TCP,707,normal
16.26169393448913,172.16.0.3,192.168.1.100,ICMP,1391,normal
91.09271844938425,172.16.0.3,172.16.0.150,TCP,785,normal
82.2537242923169,10.0.0.2,10.0.0.200,UDP,1442,normal
94.9799913291924,172.16.0.3,10.0.0.200,UDP,433,normal
72.571950838836,172.16.0.3,172.16.0.150,TCP,111,normal
61.34151959357899,192.168.1.1,192.168.1.100,Unknown,4511,anomaly
41.82430362906189,192.168.1.1,192.168.1.100,UDP,288,normal
93.27284833540132,10.0.0.2,10.0.0.200,UDP,244,normal
86.60638895004084,172.16.0.3,192.168.1.100,UDP,727,normal
4.521867010618941,172.16.0.3,172.16.0.150,TCP,1295,normal
2.6366974497252005,192.168.1.1,172.16.0.150,UDP,110,normal
37.64633668780496,172.16.0.3,10.0.0.200,UDP,1202,normal
81.0553330781833,192.168.1.1,172.16.0.150,ICMP,1039,normal
98.72761293149445,10.0.0.2,172.16.0.150,TCP,734,normal
15.041689110352818,192.168.1.1,10.0.0.200,ICMP,205,normal
59.41307153521351,172.16.0.3,172.16.0.150,Unknown,2270,anomaly
38.08908566310215,10.0.0.2,172.16.0.150,UDP,972,normal
96.99143978146031,192.168.1.1,172.16.0.150,TCP,917,normal
84.21189231357087,192.168.1.1,192.168.1.100,UDP,952,normal
83.83287047111378,10.0.0.2,10.0.0.200,TCP,1048,normal
46.86931597949703,10.0.0.2,10.0.0.200,ICMP,1024,normal
41.48195023376652,192.168.1.1,10.0.0.200,TCP,1280,normal
27.340707193070624,172.16.0.3,192.168.1.100,UDP,437,normal
5.6375496650927115,192.168.1.1,192.168.1.100,UDP,936,normal
86.47223762550531,10.0.0.2,10.0.0.200,UDP,887,normal
81.29010091300776,192.168.1.1,192.168.1.100,Unknown,3186,anomaly
99.97176732861305,10.0.0.2,10.0.0.200,ICMP,389,normal
99.66368370739053,10.0.0.2,192.168.1.100,ICMP,253,normal
55.543170560262745,172.16.0.3,172.16.0.150,TCP,210,normal
76.89874151805105,10.0.0.2,172.16.0.150,UDP,441,normal
94.47657298824281,10.0.0.2,10.0.0.200,ICMP,818,normal
84.96473906774115,172.16.0.3,192.168.1.100,UDP,624,normal
24.734810174319765,10.0.0.2,192.168.1.100,TCP,583,normal
45.05441353100935,172.16.0.3,172.16.0.150,UDP,1143,normal
12.915941515149498,172.16.0.3,172.16.0.150,ICMP,942,normal
95.40510272587224,10.0.0.2,192.168.1.100,Unknown,2459,anomaly
60.617463445088006,10.0.0.2,192.168.1.100,UDP,657,normal
22.864280550346272,192.168.1.1,192.168.1.100,TCP,877,normal
67.17006844058567,172.16.0.3,192.168.1.100,UDP,1193,normal
61.81282404578958,192.168.1.1,192.168.1.100,TCP,739,normal
35.81627180328405,10.0.0.2,192.168.1.100,UDP,951,normal
11.355759219962902,192.168.1.1,10.0.0.200,ICMP,1290,normal
67.15731955927996,172.16.0.3,192.168.1.100,TCP,105,normal
52.03077009037933,192.168.1.1,172.16.0.150,TCP,415,normal
77.23183917356393,172.16.0.3,10.0.0.200,TCP,504,normal
52.01635011119934,10.0.0.2,192.168.1.100,Unknown,2104,anomaly
85.21815003185401,10.0.0.2,172.16.0.150,UDP,126,normal
55.190683877448556,172.16.0.3,10.0.0.200,ICMP,279,normal
56.093797153538624,10.0.0.2,172.16.0.150,TCP,1331,normal
87.66536026583451,10.0.0.2,192.168.1.100,UDP,1337,normal
40.3482866212397,10.0.0.2,192.168.1.100,ICMP,380,normal
13.401522845064074,10.0.0.2,192.168.1.100,TCP,1255,normal
2.8782676313338973,172.16.0.3,192.168.1.100,TCP,942,normal
75.5137255673619,192.168.1.1,10.0.0.200,ICMP,737,normal
62.03095513534647,192.168.1.1,10.0.0.200,ICMP,76,normal
70.40797680992236,10.0.0.2,172.16.0.150,Unknown,3710,anomaly
21.296416150891073,192.168.1.1,192.168.1.100,TCP,348,normal
13.637147558676975,192.168.1.1,172.16.0.150,ICMP,1006,normal
1.4544665667881929,10.0.0.2,10.0.0.200,TCP,848,normal
35.058755880659696,10.0.0.2,192.168.1.100,ICMP,1164,normal
58.991768685463306,192.168.1.1,192.168.1.100,TCP,529,normal
39.22440450997323,172.16.0.3,10.0.0.200,TCP,622,normal
43.747492202372904,10.0.0.2,10.0.0.200,UDP,507,normal
90.41586944937484,172.16.0.3,10.0.0.200,ICMP,414,normal
34.82554670233004,192.168.1.1,10.0.0.200,ICMP,908,normal
51.39894891598108,10.0.0.2,10.0.0.200,Unknown,4209,anomaly
78.3653012741143,172.16.0.3,192.168.1.100,TCP,1473,normal
39.65427823212701,10.0.0.2,10.0.0.200,TCP,302,normal
62.20867002278735,192.168.1.1,192.168.1.100,UDP,830,normal
86.23637087467452,172.16.0.3,192.168.1.100,UDP,852,normal
94.9520623657642,192.168.1.1,10.0.0.200,TCP,1061,normal
14.707348092903793,192.168.1.1,10.0.0.200,ICMP,508,normal
92.65876251614944,10.0.0.2,192.168.1.100,ICMP,966,normal
49.21162930795382,172.16.0.3,10.0.0.200,UDP,548,normal
25.824438829895836,192.168.1.1,10.0.0.200,UDP,999,normal
45.913575623826134,192.168.1.1,10.0.0.200,Unknown,4398,anomaly
98.0032575285477,172.16.0.3,172.16.0.150,ICMP,1377,normal
49.26180939928696,192.168.1.1,192.168.1.100,TCP,550,normal
32.875161028750824,192.168.1.1,172.16.0.150,UDP,852,normal
63.34008543167258,172.16.0.3,10.0.0.200,ICMP,647,normal
24.014561877819308,172.16.0.3,172.16.0.150,ICMP,215,normal
7.586332810866391,172.16.0.3,10.0.0.200,UDP,1488,normal
12.887972191064922,172.16.0.3,172.16.0.150,TCP,511,normal
12.804583895777244,10.0.0.2,10.0.0.200,TCP,969,normal
15.190269351229436,172.16.0.3,172.16.0.150,ICMP,163,normal
13.882717264941014,10.0.0.2,172.16.0.150,Unknown,2433,anomaly
64.08747448032146,10.0.0.2,172.16.0.150,ICMP,1429,normal
18.188008439914483,10.0.0.2,192.168.1.100,UDP,256,normal
34.56672833238632,192.168.1.1,172.16.0.150,TCP,1308,normal
89.67884099060119,10.0.0.2,192.168.1.100,UDP,1428,normal
47.39616402628724,10.0.0.2,10.0.0.200,TCP,564,normal
66.75577385210272,192.168.1.1,172.16.0.150,UDP,1281,normal
17.231987120162984,192.168.1.1,10.0.0.200,ICMP,758,normal
19.228901880867078,192.168.1.1,10.0.0.200,TCP,1198,normal
4.086861626647886,172.16.0.3,172.16.0.150,ICMP,187,normal
16.893506307216455,192.168.1.1,192.168.1.100,Unknown,4899,anomaly
27.85903390319586,192.168.1.1,172.16.0.150,TCP,586,normal
17.70104842767468,10.0.0.2,10.0.0.200,TCP,117,normal
8.87025337570556,192.168.1.1,10.0.0.200,ICMP,432,normal
12.06358711006008,172.16.0.3,172.16.0.150,ICMP,68,normal
46.077876803272574,192.168.1.1,192.168.1.100,ICMP,732,normal
20.63337184057925,172.16.0.3,192.168.1.100,ICMP,123,normal
36.42698610480755,192.168.1.1,10.0.0.200,TCP,622,normal
50.34172708548569,192.168.1.1,10.0.0.200,TCP,988,normal
69.03948286293652,192.168.1.1,192.168.1.100,ICMP,1349,normal
3.9312139841098936,192.168.1.1,172.16.0.150,Unknown,2139,anomaly
79.94103989090426,172.16.0.3,10.0.0.200,UDP,260,normal
62.79003894909078,172.16.0.3,192.168.1.100,TCP,904,normal
8.17590319488719,10.0.0.2,10.0.0.200,ICMP,700,normal
87.35786241067773,172.16.0.3,172.16.0.150,ICMP,1043,normal
92.08724005318132,192.168.1.1,192.168.1.100,TCP,744,normal
6.107795985486375,10.0.0.2,10.0.0.200,UDP,589,normal
27.687764814720374,10.0.0.2,172.16.0.150,UDP,1264,normal
80.62012797930613,10.0.0.2,10.0.0.200,UDP,1388,normal
74.82596903836584,192.168.1.1,172.16.0.150,TCP,950,normal
18.45210193563773,172.16.0.3,172.16.0.150,Unknown,3494,anomaly
20.93493233367103,192.168.1.1,192.168.1.100,TCP,1186,normal
37.0472102791382,10.0.0.2,172.16.0.150,TCP,219,normal
48.45229851910213,192.168.1.1,10.0.0.200,ICMP,1087,normal
61.825477153029595,192.168.1.1,172.16.0.150,UDP,337,normal
36.891363956977244,172.16.0.3,172.16.0.150,TCP,238,normal
46.25347161331479,172.16.0.3,192.168.1.100,UDP,963,normal
74.74709381337566,10.0.0.2,172.16.0.150,UDP,1228,normal
3.66832028905979,192.168.1.1,172.16.0.150,ICMP,743,normal
25.243694434402077,192.168.1.1,10.0.0.200,UDP,937,normal
71.33495858845524,172.16.0.3,192.168.1.100,Unknown,2086,anomaly
89.52068376871993,192.168.1.1,192.168.1.100,TCP,1148,normal
51.167744211566614,192.168.1.1,192.168.1.100,UDP,326,normal
53.211348526531566,192.168.1.1,172.16.0.150,TCP,989,normal
10.717201133977605,172.16.0.3,192.168.1.100,UDP,1416,normal
44.741236682345466,10.0.0.2,172.16.0.150,TCP,1498,normal
53.261726645502314,10.0.0.2,172.16.0.150,UDP,620,normal
24.247050363472965,192.168.1.1,10.0.0.200,UDP,906,normal
26.924323094938096,10.0.0.2,10.0.0.200,UDP,1050,normal
37.728416310462265,172.16.0.3,10.0.0.200,UDP,1255,normal
2.007119777772637,172.16.0.3,10.0.0.200,Unknown,3711,anomaly
32.20791655831783,10.0.0.2,10.0.0.200,UDP,967,normal
21.144800699654464,10.0.0.2,172.16.0.150,UDP,882,normal
32.74973521779147,192.168.1.1,172.16.0.150,UDP,1137,normal
11.976213181925122,10.0.0.2,192.168.1.100,UDP,888,normal
89.0527280739895,192.168.1.1,172.16.0.150,TCP,1333,normal
59.359245355404866,192.168.1.1,172.16.0.150,ICMP,242,normal
67.91023191444896,172.16.0.3,10.0.0.200,UDP,665,normal
78.91712386073382,172.16.0.3,172.16.0.150,ICMP,455,normal
49.84421989290573,172.16.0.3,10.0.0.200,UDP,992,normal
8.69202880874237,172.16.0.3,192.168.1.100,Unknown,4230,anomaly
53.71065418185478,10.0.0.2,192.168.1.100,TCP,142,normal
58.68411180208791,172.16.0.3,172.16.0.150,TCP,479,normal
74.54394741843299,10.0.0.2,192.168.1.100,ICMP,703,normal
43.16595462296794,172.16.0.3,172.16.0.150,TCP,1477,normal
12.758030279556376,10.0.0.2,192.168.1.100,TCP,483,normal
28.377590579872447,192.168.1.1,10.0.0.200,ICMP,1185,normal
36.30822963986351,10.0.0.2,10.0.0.200,TCP,424,normal
64.59172413316013,10.0.0.2,10.0.0.200,UDP,1132,normal
57.077830466891186,172.16.0.3,10.0.0.200,ICMP,1116,normal
35.60967258978462,10.0.0.2,172.16.0.150,Unknown,4415,anomaly
98.65152487929797,192.168.1.1,192.168.1.100,UDP,829,normal
60.577481935688716,192.168.1.1,172.16.0.150,TCP,1369,normal
23.72267917359945,172.16.0.3,10.0.0.200,ICMP,1191,normal
10.178247262040374,192.168.1.1,172.16.0.150,ICMP,581,normal
15.285913918433202,10.0.0.2,192.168.1.100,UDP,1295,normal
24.595772838450813,192.168.1.1,172.16.0.150,UDP,215,normal
16.06813732595557,172.16.0.3,192.168.1.100,TCP,692,normal
18.656702405130577,10.0.0.2,172.16.0.150,ICMP,1229,normal
28.50951686938471,172.16.0.3,192.168.1.100,TCP,1257,normal
17.33735952947548,10.0.0.2,192.168.1.100,Unknown,2128,anomaly
89.67654246264252,192.168.1.1,10.0.0.200,UDP,1167,normal
8.023374566164222,172.16.0.3,192.168.1.100,ICMP,62,normal
52.451138957025464,172.16.0.3,10.0.0.200,ICMP,1022,normal
41.03968269896615,10.0.0.2,10.0.0.200,ICMP,854,normal
98.23786169086064,172.16.0.3,10.0.0.200,UDP,994,normal
11.203890216805235,10.0.0.2,172.16.0.150,UDP,791,normal
39.785559904574164,10.0.0.2,172.16.0.150,UDP,925,normal
96.94704332753689,10.0.0.2,172.16.0.150,UDP,1223,normal
86.55071258939803,10.0.0.2,172.16.0.150,UDP,709,normal
81.707207094928,192.168.1.1,192.168.1.100,Unknown,3269,anomaly
25.790282704493983,10.0.0.2,192.168.1.100,TCP,1102,normal
17.088758739006582,172.16.0.3,172.16.0.150,ICMP,345,normal
66.8643219924431,192.168.1.1,192.168.1.100,TCP,1035,normal
92.93759891275857,172.16.0.3,192.168.1.100,UDP,975,normal
55.67628930139298,192.168.1.1,10.0.0.200,TCP,689,normal
57.161268946989985,10.0.0.2,10.0.0.200,ICMP,389,normal
27.997909366028416,192.168.1.1,10.0.0.200,ICMP,677,normal
76.94929331919369,192.168.1.1,10.0.0.200,TCP,488,normal
18.704374855752338,172.16.0.3,192.168.1.100,UDP,1217,normal
32.367923640424365,172.16.0.3,172.16.0.150,Unknown,3601,anomaly
42.54364386164168,10.0.0.2,192.168.1.100,ICMP,879,normal
50.7610378684455,192.168.1.1,192.168.1.100,TCP,568,normal
24.240973241508023,192.168.1.1,192.168.1.100,UDP,1025,normal
11.483682473920354,192.168.1.1,10.0.0.200,UDP,1118,normal
61.06200424416326,10.0.0.2,10.0.0.200,ICMP,1004,normal
28.863055324025577,10.0.0.2,10.0.0.200,UDP,1312,normal
58.123822142261226,10.0.0.2,172.16.0.150,TCP,1001,normal
15.436271527420232,10.0.0.2,192.168.1.100,ICMP,993,normal
48.114010185481746,10.0.0.2,172.16.0.150,ICMP,204,normal
53.258943255158584,172.16.0.3,10.0.0.200,Unknown,2669,anomaly
5.182353682242691,192.168.1.1,172.16.0.150,ICMP,1288,normal
33.660427819392055,192.168.1.1,192.168.1.100,UDP,137,normal
13.441467693897424,192.168.1.1,192.168.1.100,UDP,1329,normal
6.337497047276774,192.168.1.1,10.0.0.200,TCP,1146,normal
98.99602323899452,192.168.1.1,10.0.0.200,UDP,980,normal
32.235384497472296,192.168.1.1,172.16.0.150,TCP,228,normal
80.98744458546349,192.168.1.1,10.0.0.200,TCP,261,normal
25.464065476376383,192.168.1.1,10.0.0.200,UDP,1307,normal
68.15027222239293,172.16.0.3,192.168.1.100,TCP,514,normal
76.02278598896865,192.168.1.1,10.0.0.200,Unknown,2148,anomaly
59.56387406078443,172.16.0.3,10.0.0.200,ICMP,680,normal
47.15761885501584,10.0.0.2,192.168.1.100,ICMP,874,normal
41.18409141472685,192.168.1.1,192.168.1.100,TCP,1337,normal
34.88682665429953,10.0.0.2,172.16.0.150,UDP,1280,normal
92.95291442478259,10.0.0.2,10.0.0.200,UDP,656,normal
83.06194077877291,10.0.0.2,192.168.1.100,ICMP,934,normal
96.50269106665125,172.16.0.3,172.16.0.150,ICMP,415,normal
12.429722348554472,10.0.0.2,172.16.0.150,UDP,325,normal
73.08674752036443,10.0.0.2,10.0.0.200,TCP,429,normal
93.83404568210378,10.0.0.2,10.0.0.200,Unknown,2984,anomaly
18.123306616566015,192.168.1.1,172.16.0.150,TCP,1341,normal
6.6496267366777495,192.168.1.1,192.168.1.100,TCP,994,normal
74.11206492900591,172.16.0.3,172.16.0.150,ICMP,1137,normal
57.44731131799119,172.16.0.3,10.0.0.200,TCP,859,normal
84.1828776758272,192.168.1.1,192.168.1.100,TCP,1423,normal
13.97723766262895,172.16.0.3,192.168.1.100,UDP,974,normal
79.52673118598902,192.168.1.1,172.16.0.150,TCP,543,normal
20.162732004774455,10.0.0.2,10.0.0.200,UDP,1171,normal
16.36559428657045,10.0.0.2,172.16.0.150,ICMP,1144,normal
16.426579793099293,172.16.0.3,172.16.0.150,Unknown,2851,anomaly
81.45747202313821,192.168.1.1,172.16.0.150,UDP,619,normal
66.51972206962002,192.168.1.1,192.168.1.100,ICMP,812,normal
52.30654247691193,172.16.0.3,192.168.1.100,TCP,325,normal
35.88304841235025,192.168.1.1,10.0.0.200,TCP,99,normal
87.72005408131082,10.0.0.2,10.0.0.200,TCP,1431,normal
39.244510742263536,172.16.0.3,172.16.0.150,ICMP,777,normal
81.65994394715771,172.16.0.3,172.16.0.150,TCP,955,normal
43.91349085702184,192.168.1.1,172.16.0.150,ICMP,977,normal
37.69444294249076,172.16.0.3,10.0.0.200,TCP,613,normal
46.26797856696064,192.168.1.1,192.168.1.100,Unknown,3456,anomaly
30.13778741641421,192.168.1.1,192.168.1.100,ICMP,534,normal
74.76093801762511,192.168.1.1,172.16.0.150,ICMP,1157,normal
50.27203900924791,192.168.1.1,172.16.0.150,TCP,633,normal
23.22126951468173,192.168.1.1,172.16.0.150,ICMP,1369,normal
89.95745732745685,172.16.0.3,172.16.0.150,ICMP,285,normal
38.38912213732114,10.0.0.2,10.0.0.200,UDP,105,normal
54.35528611139886,10.0.0.2,192.168.1.100,UDP,409,normal
90.6472110964547,172.16.0.3,172.16.0.150,TCP,159,normal
62.42379959139921,172.16.0.3,10.0.0.200,UDP,241,normal
11.689804070836407,10.0.0.2,172.16.0.150,Unknown,2627,anomaly
93.98321236134751,10.0.0.2,172.16.0.150,TCP,1166,normal
62.770805307141785,10.0.0.2,192.168.1.100,TCP,911,normal
33.49056146570861,10.0.0.2,172.16.0.150,ICMP,617,normal
13.927207266338726,10.0.0.2,192.168.1.100,UDP,1133,normal
79.4025189270296,192.168.1.1,192.168.1.100,TCP,699,normal
62.00727559285135,172.16.0.3,192.168.1.100,UDP,88,normal
53.34610919763215,192.168.1.1,10.0.0.200,TCP,1122,normal
89.38925830509577,10.0.0.2,10.0.0.200,UDP,1493,normal
78.85972112245308,10.0.0.2,192.168.1.100,UDP,686,normal
15.167487973275119,10.0.0.2,172.16.0.150,Unknown,3492,anomaly
31.172206779554823,192.168.1.1,192.168.1.100,ICMP,85,normal
24.848913981446575,192.168.1.1,172.16.0.150,UDP,150,normal
74.3946292572677,10.0.0.2,192.168.1.100,ICMP,1159,normal
3.353243473577938,192.168.1.1,172.16.0.150,ICMP,1296,normal
56.98896848713165,192.168.1.1,10.0.0.200,TCP,1411,normal
76.24586857406905,10.0.0.2,172.16.0.150,TCP,215,normal
87.67656367617495,192.168.1.1,192.168.1.100,TCP,432,normal
34.20817487159075,172.16.0.3,10.0.0.200,UDP,1449,normal
82.12573046720128,172.16.0.3,172.16.0.150,TCP,839,normal
11.063173695520723,172.16.0.3,172.16.0.150,Unknown,4493,anomaly
84.64522917345182,172.16.0.3,172.16.0.150,UDP,1448,normal
12.748866233198243,10.0.0.2,172.16.0.150,UDP,60,normal
39.72872905603673,10.0.0.2,172.16.0.150,TCP,1375,normal
79.72953657795536,10.0.0.2,10.0.0.200,TCP,145,normal
14.991742734877377,172.16.0.3,10.0.0.200,TCP,1263,normal
22.92513952326415,172.16.0.3,10.0.0.200,TCP,502,normal
72.22525683930662,192.168.1.1,10.0.0.200,ICMP,241,normal
72.00365365460743,192.168.1.1,192.168.1.100,ICMP,535,normal
64.11476328852973,172.16.0.3,10.0.0.200,TCP,1339,normal
69.39484444671,172.16.0.3,172.16.0.150,Unknown,4044,anomaly
54.27244433475962,172.16.0.3,172.16.0.150,UDP,1201,normal
25.179905890695274,172.16.0.3,10.0.0.200,ICMP,287,normal
34.56959935039195,192.168.1.1,172.16.0.150,ICMP,1428,normal
18.159771680142565,172.16.0.3,10.0.0.200,TCP,1185,normal
90.84505613336283,192.168.1.1,172.16.0.150,ICMP,1416,normal
58.339179476612046,172.16.0.3,192.168.1.100,ICMP,1218,normal
40.08514167636399,172.16.0.3,192.168.1.100,ICMP,1138,normal
46.20058036441327,172.16.0.3,10.0.0.200,ICMP,1320,normal
94.72833396118153,192.168.1.1,10.0.0.200,UDP,784,normal
15.33514031160802,192.168.1.1,10.0.0.200,Unknown,2883,anomaly
58.62298320167972,10.0.0.2,172.16.0.150,TCP,874,normal
50.5888678884466,172.16.0.3,10.0.0.200,UDP,155,normal
61.14542354346478,10.0.0.2,192.168.1.100,ICMP,230,normal
1.8110183820840509,10.0.0.2,172.16.0.150,UDP,233,normal
87.21239089441515,192.168.1.1,10.0.0.200,ICMP,275,normal
93.21182824836124,192.168.1.1,172.16.0.150,UDP,826,normal
56.51331835892089,10.0.0.2,172.16.0.150,TCP,839,normal
69.66508238768922,172.16.0.3,10.0.0.200,TCP,1162,normal
92.24993811772957,192.168.1.1,172.16.0.150,TCP,737,normal
70.72386343133986,172.16.0.3,192.168.1.100,Unknown,4341,anomaly
15.253904291426135,172.16.0.3,192.168.1.100,ICMP,1444,normal
57.62883601668132,10.0.0.2,172.16.0.150,UDP,1021,normal
60.67150463828559,10.0.0.2,10.0.0.200,UDP,985,normal
42.4130671302386,10.0.0.2,172.16.0.150,TCP,1472,normal
73.64442356247228,10.0.0.2,192.168.1.100,ICMP,155,normal
93.43670147690149,192.168.1.1,172.16.0.150,UDP,1344,normal
92.55685129067763,192.168.1.1,172.16.0.150,ICMP,880,normal
45.08393714041321,10.0.0.2,192.168.1.100,ICMP,728,normal
11.323804584075525,192.168.1.1,172.16.0.150,TCP,898,normal
98.48411989623345,10.0.0.2,172.16.0.150,Unknown,3788,anomaly
83.88980864459342,172.16.0.3,10.0.0.200,ICMP,442,normal
12.466268120326685,172.16.0.3,10.0.0.200,ICMP,89,normal
92.08418826173724,172.16.0.3,192.168.1.100,ICMP,709,normal
86.98963620621282,10.0.0.2,192.168.1.100,ICMP,1291,normal
51.88380571260721,172.16.0.3,192.168.1.100,TCP,1030,normal
59.127543574492925,192.168.1.1,10.0.0.200,UDP,1155,normal
39.90027038701302,172.16.0.3,192.168.1.100,TCP,894,normal
5.476163882203133,172.16.0.3,192.168.1.100,UDP,250,normal
33.519724164590095,172.16.0.3,192.168.1.100,ICMP,496,normal
80.28534485980114,192.168.1.1,10.0.0.200,Unknown,2249,anomaly
0.4632023004602859,10.0.0.2,172.16.0.150,TCP,1284,normal
33.34991716911442,192.168.1.1,192.168.1.100,TCP,493,normal
39.81686935909433,10.0.0.2,172.16.0.150,ICMP,1400,normal
53.73956029379229,10.0.0.2,192.168.1.100,TCP,810,normal
91.98556164127605,172.16.0.3,172.16.0.150,ICMP,276,normal
34.634599436596126,10.0.0.2,10.0.0.200,TCP,97,normal
34.69532018962277,192.168.1.1,10.0.0.200,TCP,1091,normal
73.75012481097484,192.168.1.1,192.168.1.100,ICMP,961,normal
45.221794088980715,10.0.0.2,172.16.0.150,UDP,236,normal
22.460482293998197,172.16.0.3,10.0.0.200,Unknown,4925,anomaly
45.24395161326934,172.16.0.3,192.168.1.100,UDP,273,normal
14.085702037979985,192.168.1.1,192.168.1.100,TCP,879,normal
17.63869865062233,172.16.0.3,10.0.0.200,TCP,537,normal
49.83677727394797,10.0.0.2,10.0.0.200,TCP,926,normal
41.89254495045479,10.0.0.2,192.168.1.100,TCP,898,normal
91.48459010681,192.168.1.1,172.16.0.150,UDP,1302,normal
36.23938991166331,10.0.0.2,172.16.0.150,UDP,1463,normal
58.05883502780434,192.168.1.1,172.16.0.150,TCP,1028,normal
63.22642879195304,10.0.0.2,192.168.1.100,TCP,1066,normal
1.3094456588333636,192.168.1.1,10.0.0.200,Unknown,2947,anomaly
66.35373720167107,172.16.0.3,192.168.1.100,ICMP,319,normal
17.803596686975144,10.0.0.2,10.0.0.200,ICMP,359,normal
96.10703174694551,10.0.0.2,172.16.0.150,UDP,1205,normal
14.866272775311295,192.168.1.1,172.16.0.150,TCP,1145,normal
41.462412372702374,192.168.1.1,10.0.0.200,TCP,894,normal
8.534966807864386,10.0.0.2,10.0.0.200,ICMP,1260,normal
99.68742518459473,192.168.1.1,192.168.1.100,ICMP,535,normal
50.21950103312426,10.0.0.2,172.16.0.150,UDP,1264,normal
59.53850173200438,172.16.0.3,192.168.1.100,ICMP,1495,normal
6.7076477388427485,192.168.1.1,192.168.1.100,Unknown,2974,anomaly
74.99604703991778,10.0.0.2,192.168.1.100,ICMP,269,normal
20.990559309558577,172.16.0.3,172.16.0.150,ICMP,102,normal
89.80542894407138,172.16.0.3,192.168.1.100,ICMP,1485,normal
20.513964048200716,10.0.0.2,192.168.1.100,TCP,1310,normal
19.068772066366655,192.168.1.1,192.168.1.100,TCP,807,normal
3.654966784809488,10.0.0.2,192.168.1.100,TCP,787,normal
47.206694510999924,172.16.0.3,192.168.1.100,ICMP,769,normal
56.48411332626164,10.0.0.2,192.168.1.100,UDP,455,normal
6.570863942835237,192.168.1.1,172.16.0.150,UDP,657,normal
77.55276166950105,172.16.0.3,192.168.1.100,Unknown,3325,anomaly
45.32888347480276,10.0.0.2,10.0.0.200,UDP,471,normal
52.439026932758004,192.168.1.1,192.168.1.100,TCP,761,normal
44.07627469382282,172.16.0.3,192.168.1.100,TCP,296,normal
40.0763060875326,192.168.1.1,172.16.0.150,ICMP,121,normal
55.96403313082179,172.16.0.3,172.16.0.150,ICMP,234,normal
15.52402459307125,10.0.0.2,10.0.0.200,UDP,55,normal
18.19281304952711,192.168.1.1,10.0.0.200,TCP,1279,normal
86.17856210135173,172.16.0.3,172.16.0.150,UDP,955,normal
94.61154621336327,192.168.1.1,172.16.0.150,ICMP,436,normal
37.330931627975296,192.168.1.1,192.168.1.100,Unknown,4836,anomaly
27.074467314355378,10.0.0.2,172.16.0.150,UDP,1149,normal
64.39995432390158,192.168.1.1,10.0.0.200,ICMP,1250,normal
40.87341710980964,172.16.0.3,192.168.1.100,UDP,876,normal
2.538635566034486,172.16.0.3,10.0.0.200,TCP,398,normal
15.615259736619036,172.16.0.3,192.168.1.100,UDP,1328,normal
71.59722288473975,172.16.0.3,172.16.0.150,TCP,357,normal
65.89239419101514,10.0.0.2,10.0.0.200,TCP,1418,normal
2.709599250348349,192.168.1.1,192.168.1.100,ICMP,1200,normal
22.197216193294945,10.0.0.2,192.168.1.100,ICMP,336,normal
23.10747965880714,192.168.1.1,172.16.0.150,Unknown,2983,anomaly
67.18927435987284,192.168.1.1,172.16.0.150,UDP,774,normal
1.9710537754364155,192.168.1.1,172.16.0.150,UDP,811,normal
10.410858198457385,10.0.0.2,10.0.0.200,ICMP,432,normal
79.99160853731894,192.168.1.1,192.168.1.100,UDP,1479,normal
17.85446620543336,10.0.0.2,172.16.0.150,ICMP,437,normal
65.27461078518748,172.16.0.3,10.0.0.200,UDP,574,normal
23.81827810467265,172.16.0.3,10.0.0.200,TCP,688,normal
9.944139275934516,192.168.1.1,10.0.0.200,TCP,987,normal
24.317219099945408,10.0.0.2,172.16.0.150,ICMP,325,normal
72.22669318556592,172.16.0.3,172.16.0.150,Unknown,2888,anomaly
85.56964681062857,10.0.0.2,192.168.1.100,UDP,766,normal
83.02198645669915,10.0.0.2,192.168.1.100,TCP,386,normal
39.71835296184548,192.168.1.1,172.16.0.150,TCP,981,normal
66.80851365706462,172.16.0.3,10.0.0.200,ICMP,530,normal
20.498429541582098,192.168.1.1,10.0.0.200,TCP,960,normal
29.314773026101328,192.168.1.1,10.0.0.200,ICMP,1346,normal
89.63358185211197,172.16.0.3,192.168.1.100,TCP,1131,normal
1.3001923510736035,172.16.0.3,10.0.0.200,TCP,1401,normal
8.550853085446807,10.0.0.2,192.168.1.100,UDP,158,normal
20.78862551460273,172.16.0.3,192.168.1.100,Unknown,4937,anomaly
2.6532203873819715,10.0.0.2,10.0.0.200,TCP,377,normal
18.143543508979732,10.0.0.2,10.0.0.200,ICMP,364,normal
58.304156096969216,10.0.0.2,172.16.0.150,TCP,1184,normal
42.1424550592498,172.16.0.3,172.16.0.150,ICMP,748,normal
89.26717110769748,192.168.1.1,10.0.0.200,TCP,830,normal
81.7443561738441,10.0.0.2,192.168.1.100,TCP,1302,normal
34.1817351697876,192.168.1.1,192.168.1.100,ICMP,205,normal
25.94234334312925,192.168.1.1,192.168.1.100,UDP,1345,normal
37.96924081672669,172.16.0.3,192.168.1.100,ICMP,936,normal
59.02949425148078,192.168.1.1,192.168.1.100,Unknown,4117,anomaly
26.806364082287626,192.168.1.1,172.16.0.150,ICMP,807,normal
62.4148907849134,172.16.0.3,10.0.0.200,UDP,771,normal
40.941165219124045,10.0.0.2,172.16.0.150,TCP,962,normal
55.204718085198024,192.168.1.1,192.168.1.100,ICMP,1359,normal
43.61265291353167,172.16.0.3,192.168.1.100,ICMP,920,normal
29.44657595419177,192.168.1.1,192.168.1.100,UDP,62,normal
94.84533069621567,192.168.1.1,192.168.1.100,ICMP,657,normal
76.36057941597608,10.0.0.2,10.0.0.200,TCP,547,normal
14.011317576645254,192.168.1.1,192.168.1.100,UDP,287,normal
86.84679758979128,172.16.0.3,10.0.0.200,Unknown,4672,anomaly
48.743119824951364,192.168.1.1,192.168.1.100,TCP,1411,normal
89.45522268940914,10.0.0.2,10.0.0.200,UDP,830,normal
79.98552559473153,10.0.0.2,172.16.0.150,ICMP,1244,normal
42.52135044692334,172.16.0.3,192.168.1.100,TCP,655,normal
2.24693083201174,10.0.0.2,10.0.0.200,TCP,710,normal
26.867735938494608,192.168.1.1,172.16.0.150,TCP,898,normal
54.16342146608669,10.0.0.2,192.168.1.100,TCP,985,normal
63.347821982614725,172.16.0.3,192.168.1.100,UDP,677,normal
25.788768543320227,10.0.0.2,192.168.1.100,UDP,192,normal
13.935607407282413,10.0.0.2,10.0.0.200,Unknown,2874,anomaly
83.4930236799299,10.0.0.2,10.0.0.200,ICMP,1253,normal
98.44021807035521,172.16.0.3,172.16.0.150,TCP,763,normal
52.56901823026858,10.0.0.2,10.0.0.200,ICMP,1437,normal
17.16792858483035,10.0.0.2,10.0.0.200,TCP,528,normal
27.230732651936897,192.168.1.1,192.168.1.100,ICMP,614,normal
1.8390676547466733,172.16.0.3,192.168.1.100,TCP,520,normal
91.4298806560499,10.0.0.2,192.168.1.100,ICMP,433,normal
11.775108289014113,172.16.0.3,192.168.1.100,TCP,975,normal
57.651647551425356,10.0.0.2,192.168.1.100,TCP,466,normal
27.4055220687206,10.0.0.2,192.168.1.100,Unknown,3326,anomaly
55.417800251579344,10.0.0.2,192.168.1.100,UDP,698,normal
65.14203883518643,192.168.1.1,172.16.0.150,ICMP,1440,normal
82.97418037072016,192.168.1.1,172.16.0.150,UDP,1074,normal
20.64212717606032,192.168.1.1,172.16.0.150,TCP,1117,normal
1.0995828658480478,172.16.0.3,172.16.0.150,ICMP,788,normal
13.688563006880727,172.16.0.3,192.168.1.100,ICMP,1171,normal
90.00186418481051,192.168.1.1,172.16.0.150,ICMP,1338,normal
87.38900775625153,172.16.0.3,192.168.1.100,UDP,189,normal
59.74131021703083,10.0.0.2,172.16.0.150,UDP,1310,normal
60.051686043365336,10.0.0.2,10.0.0.200,Unknown,2470,anomaly
66.50366745462554,10.0.0.2,172.16.0.150,UDP,1066,normal
17.53712786234496,192.168.1.1,172.16.0.150,UDP,1002,normal
91.44119459249598,172.16.0.3,192.168.1.100,TCP,953,normal
41.87705248920731,192.168.1.1,172.16.0.150,ICMP,121,normal
38.31385282494975,172.16.0.3,10.0.0.200,ICMP,1263,normal
51.89177052828376,10.0.0.2,192.168.1.100,TCP,1341,normal
4.696596677505505,192.168.1.1,192.168.1.100,ICMP,1394,normal
16.628336875607943,172.16.0.3,172.16.0.150,UDP,156,normal
73.80336164263704,172.16.0.3,192.168.1.100,TCP,1305,normal
8.279866792512646,10.0.0.2,192.168.1.100,Unknown,3987,anomaly
60.31521094663882,192.168.1.1,192.168.1.100,TCP,932,normal
24.534910968132095,192.168.1.1,192.168.1.100,ICMP,188,normal
38.929561404197656,192.168.1.1,192.168.1.100,TCP,664,normal
28.869373677069987,10.0.0.2,192.168.1.100,TCP,912,normal
35.567271646494916,192.168.1.1,10.0.0.200,TCP,322,normal
71.90459051842456,10.0.0.2,172.16.0.150,ICMP,465,normal
29.7121715623175,10.0.0.2,10.0.0.200,UDP,555,normal
56.64046402968972,10.0.0.2,192.168.1.100,TCP,782,normal
47.60504021990997,172.16.0.3,192.168.1.100,UDP,473,normal
66.36711653626482,192.168.1.1,172.16.0.150,Unknown,2090,anomaly
93.6829739324758,192.168.1.1,10.0.0.200,ICMP,439,normal
73.25720972102503,10.0.0.2,172.16.0.150,ICMP,391,normal
21.494037859075675,10.0.0.2,10.0.0.200,ICMP,995,normal
3.1183135061284672,192.168.1.1,192.168.1.100,UDP,663,normal
26.22640442998251,10.0.0.2,172.16.0.150,TCP,542,normal
59.507793070025485,192.168.1.1,172.16.0.150,ICMP,241,normal
5.1425813484250344,172.16.0.3,192.168.1.100,ICMP,548,normal
49.636624720123635,10.0.0.2,172.16.0.150,UDP,871,normal
59.68428489168892,192.168.1.1,10.0.0.200,UDP,1306,normal
33.424389081696084,10.0.0.2,10.0.0.200,Unknown,2529,anomaly
77.09122037458219,192.168.1.1,10.0.0.200,TCP,1444,normal
10.65982531337718,192.168.1.1,10.0.0.200,TCP,188,normal
7.513778173580876,10.0.0.2,192.168.1.100,ICMP,905,normal
72.81887562036033,172.16.0.3,172.16.0.150,UDP,866,normal
49.549131620619846,192.168.1.1,10.0.0.200,ICMP,1222,normal
68.84023964277361,192.168.1.1,192.168.1.100,ICMP,1188,normal
43.48273386037462,192.168.1.1,172.16.0.150,UDP,1136,normal
24.640203323910683,172.16.0.3,172.16.0.150,ICMP,153,normal
81.91023176741997,172.16.0.3,192.168.1.100,ICMP,920,normal
79.94158789689793,10.0.0.2,192.168.1.100,Unknown,2660,anomaly
69.46964708544267,172.16.0.3,10.0.0.200,UDP,322,normal
27.21451372299627,10.0.0.2,172.16.0.150,TCP,1079,normal
59.023066686908706,10.0.0.2,172.16.0.150,TCP,1220,normal
36.09738969400268,172.16.0.3,192.168.1.100,UDP,233,normal
9.158207332663416,10.0.0.2,172.16.0.150,TCP,1101,normal
91.73135754622427,172.16.0.3,10.0.0.200,ICMP,1192,normal
13.68186309189614,10.0.0.2,172.16.0.150,TCP,342,normal
95.02373538208025,172.16.0.3,192.168.1.100,ICMP,1444,normal
44.600577295795574,172.16.0.3,192.168.1.100,TCP,1317,normal
